chr	start	end	adipocyte	endothelial_cell	colon_fibroblasts	heart_fibroblasts	dermal_fibroblast	skeletal_muscle	smooth_muscle	heart_cardiomyocyte	bone_osteoblast	oligodendrocyte	neuron	hepatocyte	pancreas_duct	pancreas_acinar	pancreas_delta	pancreas_beta	pancreas_alpha	kidney_epithelial	thyroid_epithelial	fallopian_epithelial	ovary_epithelial	erythrocyte_progenitor	T-cell	NK-cell	monocyte	granulocyte	B-cell	epiderminal_keratinocyte	head_neck_epithelial	lung_epithelial	prostate_epithelial	bladder_epithelial	breast_luminal	breast_basal	lung_alveolar_epithelial	gallbladder	gastric_epithelial	colon_epithelial	small_int_epithelial
chr1	1318559	1318591	0.72	0.82	0.62	0.34	0.58	0.34	0.22	0.55	0.48	0.79	0.34	0.95	0.70	0.92	0.91	0.85	0.97	0.57	0.61	0.01	0.15	0.85	0.95	0.96	0.96	0.97	0.97	0.04	0.03	0.00	0.22	0.14	0.22	0.06	0.02	0.82	0.71	0.75	0.78
chr1	8733460	8734001	0.97	0.97	0.94	0.91	0.94	0.45	0.88	0.98	0.86	0.95	0.97	0.98	0.99	0.98	0.97	0.98	0.98	0.84	0.67	0.35	0.49	0.75	0.94	0.96	0.97	0.97	0.96	0.40	0.08	0.01	0.46	0.49	0.85	0.81	0.52	0.97	0.67	0.97	0.97
chr1	9869915	9870079	0.89	0.95	0.95	0.89	0.89	0.83	0.86	0.90	0.77	0.95	0.92	0.96	0.96	0.95	0.90	0.91	0.95	0.95	0.93	0.89	0.88	0.73	0.96	0.97	0.97	0.98	0.96	0.03	0.01	0.01	0.08	0.14	0.77	0.14	0.76	0.75	0.69	0.36	0.14
chr1	10046851	10047037	0.67	0.87	0.80	0.63	0.72	0.70	0.57	0.82	0.23	0.12	0.71	0.93	0.82	0.46	0.89	0.92	0.94	0.91	0.68	0.68	0.22	0.82	0.95	0.94	0.97	0.97	0.96	0.25	0.03	0.00	0.13	0.56	0.35	0.18	0.69	0.73	0.80	0.95	0.93
chr1	12244543	12244588	0.96	0.96	0.95	0.97	0.93	0.90	0.95	0.97	0.92	0.97	0.98	0.98	0.97	0.97	0.96	0.96	0.98	0.94	0.93	0.94	0.89	0.85	0.97	0.97	0.98	0.99	0.96	0.06	0.03	0.01	0.15	0.46	0.41	0.39	0.88	0.95	0.85	0.97	0.97
chr1	12244650	12244881	0.89	0.89	0.90	0.86	0.91	0.87	0.89	0.90	0.71	0.92	0.93	0.94	0.38	0.77	0.64	0.69	0.81	0.63	0.36	0.04	0.20	0.76	0.93	0.98	0.96	0.97	0.96	0.04	0.02	0.00	0.03	0.08	0.06	0.04	0.46	0.45	0.04	0.81	0.87
chr1	16998677	16998746	0.90	0.81	0.94	0.78	0.93	0.93	0.81	0.95	0.86	0.92	0.77	0.97	0.98	0.96	0.96	0.94	0.96	0.97	0.95	0.03	0.12	0.82	0.97	0.98	0.98	0.98	0.98	0.70	0.32	0.02	0.40	0.87	0.73	0.95	0.80	0.96	0.05	0.93	0.97
chr1	19367429	19367526	0.96	0.95	0.94	0.93	0.77	0.65	0.93	0.92	0.88	0.38	0.93	0.60	0.93	0.97	0.98	0.97	0.97	0.96	0.94	0.97	0.36	0.85	0.96	0.98	0.98	0.97	0.97	0.04	0.03	0.04	0.11	0.15	0.64	0.06	0.66	0.52	0.95	0.68	0.94
chr1	23366657	23366725	0.93	0.93	0.94	0.95	0.93	0.94	0.90	0.98	0.89	0.93	0.94	0.98	0.64	0.18	0.97	0.99	0.97	0.52	0.07	0.92	0.41	0.83	0.96	0.99	0.98	0.98	0.97	0.02	0.02	0.01	0.06	0.07	0.03	0.51	0.34	0.51	0.20	0.87	0.96
chr1	23377765	23377782	0.61	0.67	0.50	0.43	0.66	0.89	0.38	0.95	0.17	0.94	0.90	0.96	0.97	0.94	0.95	0.97	0.95	0.53	0.57	0.77	0.35	0.80	0.96	0.97	0.96	0.98	0.93	0.01	0.01	0.00	0.03	0.07	0.05	0.04	0.62	0.00	0.59	0.06	0.05
chr1	28480458	28480702	0.92	0.93	0.90	0.93	0.94	0.94	0.89	0.92	0.83	0.96	0.96	0.96	0.96	0.91	0.90	0.90	0.94	0.49	0.02	0.27	0.41	0.74	0.96	0.97	0.97	0.96	0.95	0.89	0.65	0.01	0.14	0.80	0.74	0.89	0.90	0.94	0.87	0.94	0.92
chr1	41501764	41502098	0.95	0.95	0.91	0.94	0.93	0.41	0.90	0.80	0.86	0.95	0.95	0.96	0.70	0.87	0.96	0.95	0.95	0.45	0.97	0.04	0.08	0.62	0.91	0.92	0.95	0.96	0.93	0.11	0.04	0.00	0.07	0.08	0.29	0.83	0.65	0.42	0.25	0.01	0.01
chr1	56551648	56551729	0.91	0.72	0.89	0.91	0.89	0.85	0.87	0.52	0.85	0.48	0.77	0.91	0.67	0.25	0.96	0.91	0.96	0.37	0.03	0.26	0.63	0.66	0.95	0.96	0.97	0.98	0.94	0.22	0.06	0.01	0.68	0.91	0.44	0.56	0.84	0.94	0.66	0.97	0.96
chr1	64484789	64485044	0.37	0.56	0.49	0.85	0.80	0.66	0.82	0.95	0.75	0.30	0.66	0.86	0.29	0.93	0.99	0.93	0.94	0.77	0.94	0.00	0.08	0.70	0.94	0.97	0.96	0.99	0.95	0.94	0.34	0.01	0.43	0.57	0.57	0.96	0.76	0.92	0.96	0.97	0.98
chr1	89587861	89587892	0.81	0.94	0.91	0.90	0.93	0.82	0.88	0.95	0.88	0.10	0.74	0.70	0.84	0.87	0.88	0.89	0.96	0.75	0.96	0.60	0.64	0.73	0.96	0.97	0.96	0.97	0.97	0.85	0.74	0.01	0.63	0.96	0.81	0.80	0.64	0.11	0.72	0.93	0.79
chr1	94676346	94676516	0.95	0.95	0.91	0.93	0.96	0.93	0.91	0.98	0.88	0.97	0.96	0.97	0.94	0.73	0.96	0.96	0.97	0.74	0.51	0.01	0.08	0.73	0.91	0.94	0.97	0.93	0.92	0.92	0.21	0.00	0.04	0.15	0.98	0.97	0.40	0.42	0.02	0.07	0.02
chr1	97145436	97145672	0.61	0.57	0.61	0.05	0.54	0.52	0.42	0.92	0.02	0.02	0.63	0.97	0.76	0.88	0.93	0.93	0.92	0.21	0.68	0.00	0.02	0.60	0.89	0.95	0.96	0.99	0.82	0.14	0.02	0.00	0.19	0.94	0.29	0.03	0.82	0.97	0.19	0.90	0.97
chr1	107693040	107693067	0.93	0.83	0.66	0.75	0.93	0.84	0.61	0.95	0.62	0.91	0.95	0.88	0.63	0.76	0.05	0.11	0.00	0.34	0.70	0.70	0.55	0.73	0.96	0.96	0.97	0.97	0.96	0.01	0.04	0.02	0.25	0.09	0.49	0.41	0.05	0.75	0.90	0.63	0.03
chr1	162619235	162619415	0.93	0.93	0.77	0.91	0.56	0.93	0.91	0.98	0.17	0.44	0.88	0.90	0.82	0.80	0.80	0.86	0.86	0.86	0.96	0.95	0.34	0.62	0.96	0.97	0.97	0.97	0.97	0.93	0.82	0.00	0.74	0.86	0.51	0.50	0.67	0.57	0.16	0.97	0.97
chr1	167763732	167763852	0.51	0.81	0.72	0.21	0.71	0.77	0.74	0.97	0.25	0.03	0.77	0.97	0.77	0.96	0.96	0.97	0.97	0.91	0.95	0.02	0.10	0.78	0.96	0.96	0.97	0.97	0.96	0.39	0.06	0.00	0.09	0.50	0.00	0.05	0.50	0.93	0.05	0.91	0.92
chr1	172322436	172322971	0.31	0.13	0.46	0.02	0.01	0.39	0.03	0.87	0.01	0.62	0.53	0.85	0.05	0.01	0.56	0.38	0.56	0.09	0.34	0.02	0.02	0.62	0.95	0.96	0.96	0.99	0.95	0.03	0.01	0.00	0.06	0.03	0.10	0.02	0.01	0.26	0.02	0.88	0.94
chr1	173449542	173449792	0.94	0.93	0.84	0.84	0.91	0.76	0.82	0.96	0.80	0.85	0.94	0.97	0.94	0.94	0.94	0.94	0.97	0.84	0.94	0.96	0.87	0.78	0.96	0.95	0.98	0.99	0.91	0.22	0.03	0.01	0.50	0.87	0.21	0.09	0.58	0.86	0.94	0.95	0.86
chr1	173474621	173474679	0.93	0.93	0.89	0.86	0.67	0.76	0.84	0.81	0.89	0.78	0.87	0.07	0.26	0.16	0.01	0.10	0.05	0.33	0.96	0.95	0.46	0.89	0.97	0.98	0.97	0.96	0.96	0.97	0.05	0.00	0.06	0.23	0.96	0.97	0.44	0.14	0.22	0.01	0.08
chr1	182876118	182876146	0.94	0.93	0.91	0.89	0.84	0.49	0.87	0.91	0.89	0.88	0.86	0.97	0.92	0.90	0.92	0.86	0.92	0.91	0.23	0.81	0.79	0.94	0.93	0.95	0.97	0.96	0.95	0.05	0.02	0.00	0.08	0.55	0.53	0.27	0.20	0.96	0.94	0.94	0.92
chr1	203251517	203251531	0.93	0.91	0.94	0.84	0.84	0.50	0.79	0.96	0.47	0.94	0.72	0.95	0.91	0.88	0.88	0.94	0.83	0.71	0.92	0.89	0.91	0.60	0.94	0.98	0.97	0.93	0.99	0.75	0.58	0.00	0.37	0.67	0.93	0.94	0.68	0.93	0.95	0.96	0.95
chr1	203643260	203643555	0.34	0.32	0.41	0.13	0.06	0.42	0.31	0.02	0.23	0.89	0.54	0.86	0.09	0.42	0.51	0.85	0.43	0.64	0.21	0.03	0.44	0.61	0.93	0.96	0.95	0.96	0.82	0.00	0.01	0.01	0.19	0.21	0.03	0.08	0.01	0.70	0.08	0.86	0.79
chr1	204438990	204439007	0.57	0.75	0.80	0.51	0.86	0.45	0.61	0.84	0.76	0.89	0.78	0.96	0.96	0.90	0.81	0.89	0.92	0.74	0.84	0.90	0.74	0.65	0.92	0.93	0.97	0.96	0.91	0.44	0.02	0.01	0.60	0.22	0.49	0.45	0.69	0.92	0.79	0.93	0.90
chr1	204443241	204443585	0.47	0.78	0.87	0.40	0.83	0.82	0.65	0.89	0.72	0.88	0.72	0.17	0.06	0.86	0.63	0.76	0.76	0.64	0.79	0.51	0.22	0.65	0.95	0.97	0.95	0.94	0.96	0.02	0.01	0.00	0.03	0.08	0.01	0.11	0.01	0.05	0.15	0.73	0.81
chr1	207871586	207871739	0.90	0.82	0.89	0.85	0.91	0.92	0.81	0.93	0.88	0.78	0.82	0.96	0.88	0.89	0.85	0.88	0.89	0.67	0.92	0.03	0.30	0.76	0.93	0.97	0.96	0.95	0.92	0.10	0.04	0.01	0.12	0.66	0.50	0.25	0.70	0.91	0.49	0.65	0.81
chr1	209427721	209427877	0.95	0.92	0.89	0.89	0.94	0.99	0.86	0.98	0.90	0.95	0.98	0.93	0.96	0.92	0.99	0.98	0.97	0.87	0.89	0.99	0.97	0.73	0.94	0.95	0.97	0.95	0.94	0.00	0.03	0.02	0.05	0.12	0.08	0.02	0.66	0.97	0.84	0.92	0.92
chr1	209804705	209805160	0.94	0.92	0.88	0.91	0.93	0.94	0.84	0.77	0.88	0.95	0.95	0.95	0.48	0.57	0.73	0.86	0.67	0.79	0.79	0.57	0.26	0.76	0.94	0.98	0.95	0.98	0.93	0.02	0.03	0.00	0.06	0.11	0.03	0.03	0.43	0.03	0.06	0.36	0.03
chr1	226269545	226269620	0.89	0.84	0.62	0.88	0.77	0.84	0.67	0.94	0.20	0.73	0.94	0.93	0.91	0.46	0.88	0.92	0.94	0.88	0.91	0.94	0.94	0.92	0.93	0.94	0.97	0.97	0.97	0.22	0.21	0.02	0.06	0.37	0.46	0.13	0.56	0.85	0.85	0.85	0.92
chr1	230122043	230122404	0.96	0.97	0.94	0.97	0.92	0.91	0.95	0.93	0.92	0.92	0.84	0.79	0.95	0.03	0.84	0.91	0.78	0.89	0.96	0.96	0.96	0.80	0.96	0.97	0.97	0.97	0.95	0.36	0.06	0.02	0.37	0.42	0.87	0.69	0.91	0.87	0.20	0.08	0.19
chr1	234785611	234785646	0.88	0.83	0.83	0.67	0.87	0.47	0.74	0.77	0.53	0.55	0.66	0.86	0.89	0.73	0.70	0.78	0.71	0.54	0.72	0.63	0.60	0.70	0.89	0.70	0.96	0.96	0.95	0.16	0.04	0.01	0.17	0.60	0.32	0.07	0.51	0.75	0.78	0.94	0.97
chr1	246617896	246617970	0.53	0.82	0.77	0.88	0.68	0.27	0.64	0.04	0.63	0.50	0.41	0.80	0.83	0.04	0.75	0.36	0.88	0.87	0.86	0.06	0.17	0.73	0.96	0.99	0.97	0.97	0.96	0.73	0.12	0.00	0.02	0.10	0.09	0.69	0.01	0.43	0.02	0.40	0.93
chr2	11824950	11825199	0.80	0.75	0.85	0.23	0.75	0.52	0.57	0.04	0.86	0.78	0.78	0.94	0.82	0.81	0.86	0.83	0.87	0.44	0.87	0.66	0.86	0.62	0.96	0.97	0.97	0.96	0.96	0.04	0.02	0.01	0.09	0.13	0.70	0.13	0.49	0.91	0.41	0.92	0.94
chr2	23599818	23599855	0.92	0.85	0.85	0.94	0.89	0.95	0.91	0.94	0.95	0.96	0.97	0.81	0.90	0.58	0.95	0.97	0.97	0.65	0.63	0.02	0.09	0.67	0.93	0.97	0.97	0.95	0.96	0.87	0.75	0.01	0.20	0.85	0.63	0.94	0.61	0.90	0.14	0.96	0.88
chr2	23721202	23721373	0.66	0.91	0.89	0.76	0.88	0.57	0.74	0.61	0.82	0.78	0.73	0.88	0.60	0.78	0.90	0.91	0.93	0.11	0.03	0.11	0.13	0.68	0.90	0.96	0.96	0.99	0.94	0.06	0.02	0.00	0.19	0.18	0.20	0.23	0.07	0.16	0.83	0.64	0.72
chr2	25576882	25576897	0.93	0.92	0.88	0.90	0.85	0.88	0.90	0.97	0.82	0.92	0.78	0.95	0.04	0.68	0.05	0.25	0.08	0.84	0.88	0.78	0.42	0.72	0.97	0.96	0.97	0.97	0.97	0.10	0.56	0.00	0.05	0.55	0.30	0.83	0.72	0.48	0.08	0.02	0.34
chr2	28800148	28800443	0.91	0.92	0.89	0.91	0.94	0.86	0.83	0.91	0.69	0.91	0.80	0.96	0.88	0.87	0.93	0.93	0.88	0.90	0.95	0.49	0.81	0.88	0.95	0.96	0.97	0.95	0.95	0.57	0.07	0.01	0.71	0.69	0.65	0.76	0.80	0.60	0.56	0.86	0.88
chr2	29063875	29063993	0.38	0.67	0.40	0.09	0.04	0.25	0.05	0.33	0.29	0.31	0.20	0.87	0.38	0.57	0.96	0.97	0.97	0.88	0.02	0.06	0.02	0.74	0.95	0.98	0.97	0.97	0.96	0.05	0.01	0.00	0.04	0.82	0.13	0.04	0.36	0.88	0.69	0.94	0.93
chr2	31303135	31303589	0.84	0.86	0.80	0.59	0.88	0.69	0.48	0.17	0.52	0.83	0.88	0.91	0.87	0.79	0.85	0.93	0.85	0.68	0.70	0.84	0.85	0.67	0.89	0.94	0.96	0.97	0.93	0.05	0.02	0.02	0.12	0.12	0.22	0.04	0.69	0.82	0.78	0.84	0.90
chr2	32247089	32247295	0.88	0.86	0.90	0.88	0.92	0.73	0.87	0.95	0.73	0.80	0.81	0.94	0.07	0.04	0.63	0.64	0.85	0.40	0.89	0.30	0.20	0.55	0.94	0.95	0.96	0.98	0.96	0.04	0.02	0.00	0.23	0.50	0.08	0.37	0.02	0.01	0.02	0.22	0.02
chr2	32652624	32652785	0.47	0.56	0.70	0.03	0.15	0.41	0.11	0.86	0.25	0.55	0.42	0.97	0.55	0.83	0.04	0.00	0.02	0.13	0.10	0.01	0.05	0.71	0.92	0.97	0.97	0.97	0.95	0.61	0.02	0.00	0.02	0.32	0.63	0.35	0.60	0.95	0.57	0.26	0.83
chr2	37973690	37974240	0.91	0.92	0.88	0.89	0.90	0.89	0.83	0.94	0.80	0.90	0.94	0.96	0.97	0.90	0.92	0.94	0.95	0.43	0.91	0.82	0.33	0.74	0.91	0.93	0.95	0.95	0.92	0.02	0.04	0.01	0.08	0.09	0.67	0.08	0.02	0.91	0.78	0.96	0.95
chr2	43255179	43255226	0.94	0.90	0.80	0.96	0.89	0.96	0.89	0.97	0.62	0.98	0.96	0.96	0.98	0.97	0.85	0.91	0.90	0.83	0.81	0.17	0.07	0.79	0.96	0.97	0.98	0.97	0.92	0.86	0.37	0.01	0.36	0.70	0.86	0.79	0.58	0.95	0.22	0.91	0.91
chr2	45406762	45406832	0.36	0.57	0.63	0.09	0.40	0.23	0.17	0.72	0.42	0.82	0.87	0.97	0.88	0.28	0.68	0.58	0.94	0.55	0.70	0.24	0.10	0.73	0.95	0.97	0.98	0.96	0.96	0.67	0.38	0.01	0.13	0.11	0.68	0.83	0.39	0.74	0.79	0.89	0.90
chr2	45450995	45451027	0.97	0.92	0.86	0.69	0.88	0.76	0.93	0.97	0.74	0.05	0.84	0.98	0.31	0.01	0.91	0.95	0.97	0.90	0.98	0.95	0.39	0.75	0.96	0.98	0.97	0.98	0.95	0.93	0.69	0.01	0.49	0.95	0.77	0.86	0.44	0.95	0.77	0.40	0.95
chr2	46050181	46050614	0.83	0.92	0.74	0.87	0.69	0.84	0.78	0.96	0.71	0.89	0.96	0.97	0.89	0.66	0.70	0.82	0.56	0.70	0.92	0.90	0.30	0.56	0.93	0.95	0.97	0.97	0.97	0.73	0.03	0.01	0.05	0.10	0.94	0.98	0.50	0.91	0.07	0.83	0.96
chr2	86512136	86512666	0.92	0.92	0.91	0.89	0.91	0.71	0.86	0.86	0.89	0.93	0.91	0.96	0.85	0.70	0.77	0.81	0.89	0.91	0.91	0.28	0.69	0.47	0.94	0.93	0.96	0.96	0.97	0.10	0.04	0.01	0.41	0.07	0.71	0.86	0.03	0.43	0.03	0.76	0.75
chr2	88707124	88707471	0.95	0.95	0.95	0.92	0.98	0.89	0.93	0.99	0.27	0.90	0.96	0.80	0.30	0.31	0.58	0.55	0.63	0.84	0.93	0.88	0.35	0.93	0.97	0.99	0.97	0.99	0.96	0.86	0.36	0.01	0.08	0.36	0.23	0.79	0.50	0.30	0.13	0.09	0.63
chr2	96330873	96331006	0.76	0.93	0.93	0.90	0.95	0.85	0.92	0.93	0.81	0.94	0.96	0.90	0.97	0.95	0.94	0.95	0.96	0.95	0.93	0.31	0.68	0.83	0.96	0.97	0.97	0.98	0.96	0.45	0.22	0.01	0.16	0.44	0.44	0.06	0.27	0.97	0.89	0.93	0.95
chr2	98058686	98058703	0.87	0.92	0.85	0.73	0.60	0.80	0.71	0.96	0.32	0.93	0.36	0.93	0.86	0.96	0.85	0.85	0.88	0.68	0.91	0.65	0.29	0.67	0.91	0.93	0.98	0.97	0.97	0.13	0.35	0.01	0.32	0.48	0.02	0.71	0.55	0.97	0.03	0.78	0.89
chr2	98775339	98775604	0.82	0.72	0.94	0.49	0.52	0.54	0.34	0.89	0.54	0.69	0.64	0.95	0.02	0.83	0.01	0.00	0.05	0.60	0.31	0.01	0.06	0.67	0.97	0.98	0.97	0.96	0.96	0.08	0.03	0.00	0.02	0.14	0.12	0.07	0.82	0.95	0.56	0.96	0.97
chr2	102161496	102161522	0.92	0.87	0.75	0.89	0.95	0.96	0.84	0.96	0.68	0.90	0.97	0.93	0.01	0.01	0.64	0.90	0.89	0.33	0.00	0.00	0.03	0.75	0.97	0.98	0.95	0.96	0.98	0.01	0.03	0.01	0.02	0.08	0.00	0.42	0.01	0.02	0.01	0.02	0.00
chr2	112661617	112661698	0.97	0.95	0.95	0.92	0.95	0.91	0.95	0.97	0.82	0.96	0.88	0.81	0.97	0.92	0.98	0.98	0.96	0.90	0.58	0.93	0.57	0.84	0.96	0.95	0.97	0.96	0.96	0.90	0.27	0.01	0.51	0.37	0.48	0.87	0.11	0.78	0.77	0.94	0.93
chr2	112661800	112661849	0.96	0.96	0.94	0.95	0.96	0.89	0.94	0.97	0.88	0.96	0.86	0.62	0.97	0.96	0.97	0.98	0.98	0.84	0.88	0.96	0.32	0.95	0.97	0.96	0.98	0.98	0.97	0.87	0.04	0.00	0.07	0.07	0.30	0.89	0.55	0.88	0.92	0.94	0.95
chr2	113328986	113329035	0.70	0.85	0.85	0.85	0.71	0.75	0.50	0.87	0.44	0.94	0.95	0.88	0.04	0.82	0.84	0.93	0.90	0.46	0.87	0.40	0.66	0.67	0.94	0.97	0.96	0.98	0.95	0.02	0.03	0.01	0.02	0.09	0.53	0.09	0.01	0.71	0.97	0.03	0.83
chr2	113843796	113843852	0.67	0.82	0.90	0.74	0.56	0.83	0.67	0.94	0.62	0.97	0.46	0.96	0.07	0.90	0.83	0.83	0.93	0.06	0.76	0.00	0.07	0.76	0.95	0.98	0.97	0.99	0.97	0.01	0.02	0.02	0.13	0.31	0.34	0.01	0.65	0.96	0.96	0.96	0.96
chr2	121174908	121174948	0.89	0.87	0.82	0.81	0.86	0.39	0.66	0.16	0.51	0.26	0.75	0.94	0.96	0.94	0.91	0.95	0.88	0.70	0.92	0.61	0.72	0.72	0.94	0.94	0.97	0.96	0.96	0.04	0.02	0.01	0.14	0.78	0.52	0.04	0.86	0.91	0.82	0.97	0.97
chr2	129248143	129248153	0.92	0.75	0.79	0.66	0.85	0.85	0.67	0.97	0.72	0.90	0.57	0.91	0.97	0.97	0.97	0.96	0.96	0.55	0.95	0.98	0.96	0.62	0.94	0.96	0.96	0.89	0.97	0.72	0.16	0.00	0.24	0.57	0.50	0.81	0.75	0.92	0.03	0.94	0.96
chr2	147365721	147365814	0.90	0.81	0.89	0.14	0.83	0.45	0.47	0.73	0.68	0.71	0.44	0.94	0.95	0.96	0.96	0.94	0.95	0.88	0.72	0.54	0.93	0.61	0.96	0.97	0.97	0.94	0.96	0.28	0.75	0.01	0.91	0.92	0.96	0.97	0.87	0.97	0.76	0.98	0.97
chr2	152581477	152581665	0.95	0.93	0.83	0.86	0.96	0.63	0.92	0.95	0.09	0.08	0.48	0.95	0.98	0.96	0.94	0.97	0.95	0.98	0.49	0.97	0.94	0.89	0.93	0.95	0.95	0.92	0.97	0.65	0.09	0.01	0.27	0.91	0.14	0.26	0.65	0.96	0.89	0.95	0.96
chr2	158357651	158357891	0.90	0.94	0.86	0.79	0.82	0.82	0.69	0.97	0.67	0.96	0.95	0.75	0.73	0.75	0.73	0.55	0.65	0.94	0.87	0.95	0.44	0.64	0.94	0.96	0.97	0.99	0.96	0.62	0.05	0.02	0.04	0.09	0.37	0.96	0.66	0.95	0.85	0.79	0.77
chr2	160200089	160200139	0.94	0.92	0.89	0.93	0.96	0.80	0.87	0.95	0.67	0.78	0.90	0.77	0.00	0.01	0.03	0.04	0.03	0.12	0.04	0.01	0.10	0.77	0.94	0.98	0.95	0.97	0.95	0.00	0.03	0.00	0.03	0.06	0.01	0.01	0.02	0.02	0.01	0.01	0.01
chr2	173829120	173829146	0.94	0.93	0.83	0.88	0.84	0.95	0.88	0.97	0.76	0.95	0.93	0.92	0.67	0.84	0.81	0.74	0.83	0.88	0.18	0.00	0.08	0.76	0.91	0.94	0.97	0.97	0.96	0.01	0.02	0.00	0.03	0.25	0.01	0.03	0.28	0.90	0.56	0.17	0.71
chr2	179106551	179106584	0.76	0.70	0.90	0.49	0.91	0.89	0.74	0.90	0.88	0.28	0.79	0.97	0.03	0.93	0.17	0.13	0.73	0.92	0.98	0.00	0.06	0.79	0.96	0.98	0.97	0.98	0.98	0.05	0.01	0.01	0.25	0.12	0.27	0.63	0.47	0.01	0.19	0.49	0.63
chr2	200417061	200417308	0.95	0.95	0.91	0.94	0.89	0.85	0.91	0.96	0.91	0.72	0.84	0.96	0.74	0.88	0.85	0.90	0.92	0.90	0.95	0.80	0.82	0.57	0.92	0.95	0.96	0.97	0.92	0.65	0.03	0.01	0.43	0.77	0.57	0.92	0.65	0.89	0.93	0.78	0.94
chr2	201298266	201298511	0.95	0.90	0.89	0.79	0.77	0.74	0.78	0.94	0.26	0.65	0.89	0.95	0.35	0.62	0.49	0.52	0.44	0.82	0.88	0.72	0.71	0.60	0.94	0.98	0.97	0.98	0.90	0.50	0.06	0.01	0.13	0.24	0.82	0.62	0.58	0.42	0.75	0.85	0.85
chr2	207892821	207892889	0.69	0.73	0.77	0.27	0.89	0.70	0.58	0.52	0.07	0.69	0.85	0.97	0.81	0.86	0.94	0.94	0.94	0.80	0.04	0.96	0.37	0.73	0.96	0.94	0.97	0.98	0.97	0.78	0.33	0.02	0.24	0.83	0.42	0.34	0.58	0.92	0.02	0.97	0.96
chr2	233490688	233491440	0.96	0.95	0.91	0.95	0.93	0.92	0.93	0.95	0.95	0.79	0.96	0.98	0.97	0.97	0.92	0.95	0.96	0.97	0.95	0.97	0.79	0.71	0.95	0.98	0.98	0.98	0.97	0.05	0.07	0.03	0.11	0.10	0.94	0.79	0.61	0.96	0.94	0.96	0.96
chr2	237896215	237896407	0.64	0.88	0.82	0.78	0.39	0.40	0.65	0.05	0.27	0.86	0.42	0.80	0.04	0.88	0.97	0.93	0.98	0.77	0.05	0.01	0.65	0.66	0.94	0.97	0.96	0.96	0.95	0.05	0.02	0.00	0.13	0.07	0.57	0.04	0.67	0.94	0.57	0.94	0.93
chr2	239291189	239291266	0.63	0.82	0.68	0.74	0.38	0.27	0.49	0.05	0.23	0.09	0.58	0.28	0.96	0.54	0.90	0.79	0.88	0.76	0.68	0.91	0.94	0.81	0.97	0.98	0.96	0.97	0.94	0.01	0.02	0.01	0.06	0.09	0.76	0.08	0.68	0.90	0.93	0.96	0.96
chr3	11591038	11591059	0.25	0.26	0.39	0.05	0.03	0.20	0.05	0.01	0.20	0.03	0.23	0.84	0.02	0.12	0.27	0.30	0.38	0.07	0.12	0.06	0.06	0.80	0.95	0.86	0.94	0.92	0.95	0.04	0.01	0.00	0.03	0.19	0.02	0.02	0.14	0.00	0.03	0.13	0.09
chr3	18652870	18652917	0.87	0.80	0.90	0.62	0.86	0.92	0.61	0.94	0.72	0.98	0.96	0.76	0.50	0.94	0.82	0.93	0.89	0.93	0.95	0.11	0.12	0.66	0.96	0.99	0.97	0.96	0.94	0.80	0.08	0.01	0.83	0.92	0.82	0.91	0.78	0.32	0.94	0.70	0.77
chr3	30355011	30355097	0.72	0.77	0.81	0.81	0.44	0.73	0.62	0.84	0.87	0.94	0.93	0.95	0.97	0.90	0.91	0.90	0.71	0.91	0.77	0.61	0.16	0.58	0.88	0.99	0.97	0.97	0.97	0.89	0.09	0.01	0.03	0.09	0.93	0.97	0.54	0.68	0.23	0.02	0.25
chr3	30844150	30844165	0.79	0.94	0.93	0.85	0.69	0.89	0.49	0.98	0.89	0.97	0.42	0.98	0.98	0.97	0.97	0.98	0.97	0.96	0.97	0.98	0.71	0.80	0.96	0.98	0.98	0.98	0.98	0.43	0.68	0.01	0.16	0.07	0.68	0.61	0.67	0.95	0.21	0.94	0.97
chr3	32004741	32004755	0.96	0.97	0.97	0.91	0.98	0.95	0.89	0.99	0.94	0.96	0.96	0.93	0.95	0.95	1.00	0.97	0.99	0.97	0.93	0.91	0.93	0.70	0.93	0.97	0.98	0.98	0.99	0.34	0.25	0.02	0.58	0.89	0.74	0.84	0.71	0.95	0.93	0.97	0.97
chr3	32039904	32039958	0.27	0.52	0.50	0.20	0.53	0.41	0.51	0.01	0.29	0.93	0.62	0.87	0.98	0.93	0.95	0.96	0.98	0.96	0.86	0.03	0.06	0.65	0.90	0.93	0.95	0.97	0.97	0.77	0.11	0.00	0.18	0.49	0.43	0.69	0.37	0.45	0.78	0.89	0.96
chr3	32181586	32181605	0.97	0.96	0.91	0.95	0.89	0.94	0.92	0.98	0.96	0.97	0.97	0.98	0.96	0.94	0.78	0.15	0.09	0.41	0.98	0.00	0.06	0.74	0.97	0.98	0.98	0.97	0.58	0.53	0.05	0.01	0.09	0.13	0.97	0.98	0.74	0.95	0.84	0.97	0.97
chr3	40388246	40388333	0.91	0.90	0.86	0.88	0.58	0.81	0.68	0.95	0.13	0.96	0.54	0.98	0.12	0.64	0.25	0.04	0.37	0.89	0.47	0.50	0.10	0.70	0.94	0.94	0.96	0.95	0.96	0.16	0.02	0.00	0.16	0.06	0.57	0.87	0.01	0.52	0.66	0.87	0.96
chr3	44846314	44846539	0.88	0.89	0.86	0.68	0.91	0.91	0.81	0.11	0.87	0.84	0.79	0.97	0.04	0.78	0.07	0.16	0.36	0.54	0.88	0.13	0.37	0.90	0.95	0.96	0.96	0.98	0.96	0.02	0.03	0.00	0.09	0.19	0.48	0.56	0.31	0.88	0.56	0.94	0.94
chr3	48599054	48599271	0.64	0.70	0.54	0.34	0.05	0.52	0.38	0.78	0.14	0.93	0.86	0.91	0.87	0.85	0.80	0.85	0.86	0.76	0.90	0.85	0.76	0.90	0.94	0.98	0.96	0.96	0.94	0.03	0.01	0.00	0.01	0.07	0.04	0.04	0.64	0.82	0.42	0.37	0.66
chr3	57006442	57006458	0.44	0.94	0.91	0.94	0.61	0.34	0.86	0.92	0.93	0.97	0.96	0.97	0.71	0.97	0.65	0.44	0.52	0.95	0.98	0.17	0.31	0.78	0.96	0.98	0.98	0.98	0.97	0.12	0.33	0.01	0.05	0.22	0.08	0.93	0.81	0.44	0.97	0.96	0.98
chr3	57006738	57006834	0.60	0.92	0.92	0.92	0.45	0.56	0.85	0.91	0.87	0.95	0.94	0.90	0.71	0.87	0.86	0.83	0.81	0.66	0.91	0.08	0.15	0.65	0.91	0.95	0.96	0.96	0.94	0.12	0.19	0.00	0.25	0.37	0.52	0.96	0.82	0.69	0.96	0.97	0.95
chr3	57014875	57014981	0.94	0.93	0.74	0.92	0.91	0.93	0.90	0.96	0.58	0.64	0.94	0.84	0.04	0.95	0.86	0.92	0.93	0.19	0.97	0.27	0.10	0.76	0.95	0.93	0.95	0.97	0.88	0.47	0.22	0.01	0.07	0.27	0.01	0.28	0.34	0.03	0.02	0.96	0.96
chr3	57109726	57109857	0.96	0.96	0.91	0.94	0.98	0.87	0.93	0.98	0.88	0.95	0.97	0.96	0.96	0.93	0.95	0.99	0.97	0.89	0.38	0.91	0.32	0.71	0.94	0.98	0.98	0.94	0.95	0.85	0.47	0.02	0.39	0.71	0.15	0.09	0.53	0.38	0.32	0.90	0.89
chr3	71026805	71026869	0.93	0.89	0.95	0.76	0.93	0.45	0.87	0.07	0.83	0.89	0.78	0.36	0.93	0.64	0.06	0.05	0.09	0.90	0.95	0.98	0.53	0.76	0.96	0.96	0.96	0.99	0.97	0.86	0.06	0.00	0.11	0.08	0.35	0.88	0.63	0.28	0.42	0.89	0.95
chr3	71257974	71258054	0.96	0.96	0.92	0.90	0.86	0.96	0.93	0.98	0.78	0.86	0.95	0.97	0.98	0.98	0.95	0.97	0.97	0.79	0.96	0.34	0.22	0.86	0.94	0.97	0.98	0.98	0.96	0.50	0.03	0.01	0.32	0.38	0.05	0.03	0.58	0.77	0.42	0.91	0.94
chr3	72129683	72129805	0.56	0.53	0.56	0.08	0.27	0.37	0.16	0.58	0.15	0.79	0.41	0.17	0.67	0.13	0.90	0.92	0.88	0.73	0.84	0.19	0.36	0.68	0.93	0.94	0.97	0.98	0.97	0.06	0.02	0.00	0.01	0.35	0.23	0.05	0.51	0.91	0.37	0.82	0.91
chr3	72746500	72747019	0.64	0.62	0.60	0.39	0.70	0.58	0.50	0.39	0.51	0.80	0.93	0.79	0.64	0.87	0.78	0.78	0.94	0.46	0.05	0.02	0.06	0.68	0.96	0.97	0.96	0.96	0.95	0.25	0.03	0.01	0.02	0.04	0.01	0.73	0.02	0.17	0.14	0.10	0.51
chr3	81837503	81837575	0.79	0.94	0.86	0.88	0.81	0.86	0.80	0.89	0.79	0.68	0.76	0.97	0.92	0.92	0.03	0.01	0.01	0.97	0.92	0.84	0.82	0.62	0.94	0.97	0.96	0.97	0.86	0.88	0.03	0.01	0.44	0.82	0.95	0.95	0.72	0.96	0.90	0.95	0.94
chr3	101878778	101878998	0.72	0.65	0.62	0.59	0.57	0.55	0.54	0.59	0.43	0.23	0.86	0.08	0.01	0.29	0.24	0.36	0.35	0.26	0.02	0.01	0.09	0.53	0.79	0.87	0.94	0.98	0.95	0.03	0.02	0.00	0.03	0.08	0.13	0.75	0.14	0.08	0.06	0.01	0.02
chr3	105503126	105503437	0.83	0.73	0.58	0.52	0.85	0.80	0.52	0.83	0.13	0.47	0.82	0.06	0.18	0.02	0.01	0.00	0.01	0.38	0.71	0.90	0.68	0.60	0.94	0.94	0.95	0.97	0.94	0.86	0.36	0.01	0.10	0.73	0.37	0.88	0.01	0.06	0.02	0.84	0.84
chr3	113051869	113052030	0.46	0.69	0.63	0.42	0.62	0.29	0.29	0.47	0.34	0.48	0.24	0.39	0.55	0.18	0.64	0.70	0.76	0.59	0.02	0.14	0.62	0.37	0.94	0.98	0.96	0.91	0.76	0.08	0.03	0.00	0.02	0.11	0.24	0.02	0.05	0.58	0.52	0.76	0.75
chr3	121919059	121919431	0.84	0.79	0.87	0.54	0.80	0.79	0.49	0.54	0.56	0.73	0.88	0.93	0.94	0.94	0.91	0.92	0.88	0.79	0.84	0.49	0.73	0.80	0.94	0.96	0.97	0.97	0.97	0.12	0.03	0.01	0.26	0.10	0.83	0.79	0.70	0.93	0.92	0.95	0.94
chr3	122318907	122318924	0.94	0.91	0.90	0.59	0.85	0.89	0.69	0.94	0.58	0.88	0.88	0.97	0.79	0.94	0.94	0.93	0.92	0.81	0.89	0.11	0.10	0.71	0.92	0.97	0.97	0.98	0.93	0.00	0.01	0.01	0.05	0.09	0.06	0.09	0.59	0.90	0.53	0.96	0.94
chr3	138282262	138282376	0.91	0.89	0.90	0.70	0.87	0.85	0.73	0.81	0.70	0.93	0.90	0.95	0.70	0.85	0.71	0.76	0.84	0.74	0.49	0.28	0.33	0.84	0.96	0.96	0.97	0.95	0.98	0.03	0.02	0.01	0.06	0.09	0.32	0.05	0.14	0.88	0.68	0.94	0.95
chr3	158458682	158458726	0.88	0.89	0.85	0.91	0.86	0.46	0.73	0.92	0.67	0.94	0.96	0.97	0.75	0.69	0.50	0.17	0.95	0.36	0.61	0.03	0.09	0.82	0.96	0.97	0.98	0.95	0.96	0.08	0.05	0.00	0.04	0.10	0.02	0.86	0.12	0.68	0.55	0.93	0.91
chr3	170096005	170096080	0.82	0.87	0.85	0.84	0.89	0.86	0.77	0.90	0.84	0.89	0.77	0.94	0.95	0.86	0.84	0.86	0.90	0.93	0.94	0.90	0.90	0.82	0.95	0.96	0.97	0.95	0.95	0.07	0.04	0.02	0.09	0.12	0.86	0.13	0.63	0.88	0.69	0.85	0.82
chr3	177377074	177377248	0.93	0.95	0.94	0.89	0.93	0.92	0.87	0.97	0.76	0.97	0.92	0.96	0.94	0.80	0.87	0.90	0.81	0.34	0.18	0.96	0.23	0.70	0.94	0.95	0.96	0.98	0.94	0.04	0.02	0.01	0.04	0.07	0.01	0.03	0.25	0.81	0.53	0.12	0.31
chr3	177596573	177596635	0.72	0.89	0.83	0.61	0.88	0.73	0.67	0.79	0.57	0.94	0.58	0.92	0.88	0.83	0.93	0.95	0.75	0.31	0.09	0.13	0.10	0.51	0.96	0.97	0.97	0.95	0.98	0.02	0.03	0.00	0.05	0.10	0.02	0.06	0.65	0.12	0.06	0.23	0.57
chr3	182046500	182046592	0.70	0.61	0.65	0.54	0.48	0.83	0.48	0.63	0.54	0.95	0.94	0.75	0.74	0.72	0.95	0.96	0.79	0.70	0.94	0.77	0.81	0.74	0.94	0.95	0.96	0.96	0.97	0.04	0.03	0.00	0.05	0.06	0.10	0.66	0.70	0.78	0.96	0.95	0.96
chr3	186220905	186221098	0.41	0.72	0.79	0.38	0.30	0.28	0.28	0.24	0.49	0.06	0.41	0.85	0.94	0.03	0.93	0.95	0.92	0.75	0.90	0.96	0.88	0.67	0.91	0.95	0.96	0.99	0.97	0.03	0.03	0.01	0.18	0.83	0.09	0.04	0.31	0.90	0.64	0.92	0.92
chr3	188465540	188465934	0.94	0.91	0.83	0.84	0.93	0.85	0.91	0.71	0.74	0.91	0.94	0.97	0.96	0.85	0.95	0.94	0.97	0.83	0.94	0.48	0.29	0.65	0.94	0.93	0.97	0.97	0.95	0.95	0.57	0.01	0.63	0.84	0.91	0.96	0.45	0.91	0.33	0.94	0.93
chr3	193585637	193585675	0.91	0.90	0.89	0.90	0.93	0.90	0.91	0.96	0.96	0.94	0.95	0.96	0.95	0.91	0.95	0.95	0.93	0.97	0.93	0.98	0.92	0.82	0.96	0.99	0.97	0.98	0.96	0.07	0.03	0.03	0.05	0.10	0.50	0.15	0.62	0.96	0.96	0.95	0.95
chr3	195829004	195829190	0.91	0.96	0.91	0.94	0.96	0.83	0.86	0.98	0.93	0.97	0.98	0.94	0.97	0.98	0.98	0.97	0.99	0.85	0.79	0.40	0.78	0.83	0.97	0.97	0.97	0.98	0.97	0.94	0.68	0.02	0.11	0.42	0.92	0.85	0.67	0.98	0.95	0.06	0.62
chr3	196142881	196143160	0.91	0.92	0.84	0.83	0.91	0.47	0.86	0.97	0.03	0.96	0.95	0.83	0.76	0.95	0.91	0.91	0.90	0.42	0.93	0.91	0.29	0.80	0.96	0.97	0.96	0.98	0.96	0.03	0.02	0.01	0.04	0.05	0.09	0.06	0.11	0.94	0.91	0.84	0.95
chr3	196708548	196708570	0.71	0.79	0.90	0.80	0.90	0.89	0.88	0.91	0.88	0.64	0.90	0.95	0.96	0.76	0.86	0.85	0.91	0.88	0.93	0.27	0.69	0.83	0.95	0.97	0.98	0.99	0.98	0.06	0.02	0.01	0.12	0.60	0.78	0.70	0.84	0.94	0.88	0.96	0.94
chr3	196997197	196997233	0.89	0.88	0.84	0.66	0.82	0.56	0.77	0.89	0.29	0.93	0.70	0.97	0.91	0.85	0.92	0.93	0.94	0.86	0.06	0.89	0.72	0.63	0.93	0.96	0.97	0.96	0.96	0.02	0.02	0.01	0.07	0.13	0.51	0.10	0.60	0.90	0.82	0.94	0.93
chr3	197201597	197201739	0.93	0.93	0.89	0.91	0.91	0.92	0.87	0.91	0.86	0.42	0.73	0.95	0.93	0.85	0.77	0.81	0.82	0.93	0.92	0.87	0.88	0.73	0.92	0.96	0.98	0.94	0.93	0.77	0.08	0.00	0.03	0.09	0.86	0.95	0.46	0.95	0.82	0.85	0.90
chr3	197494955	197495018	0.62	0.68	0.63	0.54	0.61	0.52	0.50	0.95	0.78	0.92	0.93	0.97	0.92	0.92	0.96	0.94	0.97	0.40	0.18	0.17	0.11	0.75	0.89	0.93	0.95	0.97	0.89	0.03	0.02	0.00	0.36	0.86	0.55	0.36	0.69	0.95	0.92	0.44	0.47
chr4	1940122	1940518	0.76	0.47	0.81	0.26	0.87	0.48	0.48	0.17	0.13	0.68	0.81	0.94	0.79	0.03	0.83	0.85	0.89	0.44	0.55	0.00	0.05	0.88	0.94	0.97	0.95	0.96	0.95	0.57	0.06	0.00	0.03	0.07	0.31	0.56	0.24	0.76	0.01	0.56	0.76
chr4	26753689	26753732	0.61	0.38	0.65	0.55	0.77	0.28	0.62	0.05	0.53	0.70	0.85	0.40	0.89	0.95	0.67	0.91	0.83	0.81	0.37	0.92	0.95	0.80	0.95	0.98	0.96	0.97	0.95	0.86	0.16	0.00	0.14	0.85	0.70	0.86	0.46	0.87	0.95	0.93	0.98
chr4	26753766	26753847	0.57	0.29	0.61	0.30	0.75	0.27	0.46	0.02	0.44	0.56	0.81	0.14	0.73	0.85	0.22	0.65	0.27	0.62	0.11	0.94	0.91	0.76	0.96	0.98	0.97	0.98	0.97	0.89	0.12	0.00	0.05	0.78	0.53	0.85	0.33	0.68	0.80	0.87	0.94
chr4	26753976	26754195	0.64	0.42	0.67	0.73	0.88	0.28	0.72	0.10	0.66	0.93	0.88	0.55	0.92	0.90	0.74	0.90	0.72	0.82	0.71	0.97	0.93	0.69	0.96	0.96	0.97	0.98	0.98	0.89	0.28	0.01	0.20	0.88	0.69	0.90	0.61	0.97	0.96	0.95	0.96
chr4	38564233	38564243	0.19	0.14	0.42	0.17	0.39	0.70	0.26	0.82	0.15	0.04	0.31	0.95	0.79	0.62	0.62	0.21	0.56	0.75	0.02	0.15	0.11	0.83	0.96	0.98	0.96	0.98	0.96	0.28	0.02	0.01	0.01	0.07	0.02	0.81	0.04	0.63	0.07	0.17	0.39
chr4	42535587	42535603	0.93	0.89	0.91	0.83	0.86	0.95	0.78	0.98	0.74	0.09	0.92	0.90	0.75	0.59	0.71	0.41	0.76	0.96	0.94	0.72	0.34	0.58	0.97	0.97	0.97	0.97	0.98	0.78	0.11	0.01	0.15	0.47	0.79	0.81	0.50	0.75	0.75	0.80	0.95
chr4	48711558	48711568	0.89	0.67	0.83	0.81	0.95	0.93	0.81	0.93	0.71	0.91	0.90	0.76	0.88	0.87	0.94	0.85	0.81	0.65	0.83	0.47	0.52	0.49	0.74	0.84	0.96	0.95	0.93	0.27	0.04	0.00	0.08	0.08	0.47	0.85	0.31	0.17	0.28	0.05	0.47
chr4	67770600	67770711	0.51	0.78	0.69	0.36	0.72	0.45	0.39	0.91	0.58	0.69	0.83	0.94	0.67	0.87	0.72	0.76	0.84	0.91	0.72	0.76	0.30	0.68	0.96	0.97	0.96	0.95	0.95	0.03	0.02	0.01	0.02	0.08	0.33	0.22	0.40	0.79	0.69	0.57	0.62
chr4	98999701	98999903	0.95	0.95	0.94	0.96	0.90	0.96	0.94	0.97	0.94	0.96	0.97	0.97	0.79	0.88	0.91	0.92	0.94	0.86	0.54	0.19	0.23	0.81	0.96	0.97	0.97	0.95	0.94	0.54	0.09	0.01	0.09	0.20	0.37	0.20	0.26	0.33	0.47	0.72	0.84
chr4	112029791	112029811	0.79	0.74	0.68	0.72	0.36	0.33	0.48	0.98	0.57	0.76	0.72	0.92	0.77	0.74	0.63	0.53	0.59	0.16	0.88	0.17	0.79	0.81	0.95	0.95	0.98	0.96	0.95	0.03	0.04	0.01	0.21	0.18	0.31	0.20	0.86	0.83	0.95	0.98	0.97
chr4	118770748	118771154	0.75	0.72	0.81	0.14	0.33	0.81	0.16	0.13	0.41	0.93	0.92	0.93	0.16	0.55	0.03	0.38	0.01	0.91	0.95	0.95	0.86	0.62	0.96	0.97	0.98	0.98	0.96	0.10	0.02	0.01	0.06	0.06	0.86	0.20	0.58	0.53	0.77	0.91	0.81
chr4	139540975	139541084	0.85	0.87	0.87	0.51	0.78	0.33	0.76	0.63	0.66	0.89	0.75	0.55	0.28	0.53	0.19	0.05	0.40	0.81	0.90	0.05	0.61	0.58	0.92	0.91	0.98	0.96	0.96	0.80	0.09	0.01	0.30	0.90	0.58	0.05	0.68	0.85	0.90	0.92	0.92
chr4	183757421	183757513	0.96	0.97	0.83	0.94	0.95	0.94	0.87	0.98	0.19	0.96	0.97	0.97	0.97	0.95	0.93	0.93	0.93	0.47	0.09	0.39	0.36	0.78	0.95	0.94	0.96	0.97	0.96	0.76	0.04	0.01	0.40	0.75	0.17	0.43	0.07	0.98	0.75	0.75	0.97
chr5	1332458	1332538	0.78	0.91	0.88	0.88	0.76	0.86	0.77	0.97	0.45	0.92	0.92	0.67	0.72	0.93	0.90	0.92	0.97	0.88	0.91	0.92	0.88	0.14	0.92	0.89	0.96	0.96	0.95	0.26	0.55	0.01	0.73	0.90	0.68	0.51	0.18	0.90	0.12	0.93	0.93
chr5	14838713	14838800	0.70	0.58	0.60	0.21	0.53	0.51	0.47	0.77	0.51	0.70	0.68	0.72	0.27	0.03	0.42	0.15	0.33	0.65	0.71	0.74	0.65	0.74	0.93	0.89	0.96	0.98	0.94	0.05	0.02	0.00	0.29	0.77	0.20	0.68	0.40	0.71	0.07	0.64	0.60
chr5	14844894	14845209	0.89	0.81	0.88	0.84	0.82	0.80	0.86	0.95	0.75	0.63	0.79	0.95	0.33	0.88	0.50	0.61	0.90	0.74	0.70	0.00	0.15	0.88	0.95	0.96	0.96	0.95	0.94	0.75	0.21	0.00	0.22	0.72	0.64	0.78	0.58	0.82	0.28	0.77	0.87
chr5	31937316	31937426	0.68	0.92	0.88	0.71	0.73	0.90	0.72	0.99	0.04	0.94	0.72	0.89	0.96	0.82	0.93	0.96	0.92	0.62	0.95	0.40	0.30	0.71	0.92	0.92	0.97	0.95	0.93	0.01	0.06	0.00	0.62	0.94	0.11	0.40	0.23	0.92	0.75	0.95	0.94
chr5	43621161	43621416	0.94	0.97	0.96	0.95	0.93	0.95	0.94	0.96	0.90	0.96	0.96	0.80	0.88	0.93	0.98	0.98	0.98	0.96	0.10	0.81	0.79	0.89	0.97	0.98	0.97	0.98	0.98	0.13	0.04	0.02	0.09	0.25	0.87	0.12	0.04	0.80	0.96	0.97	0.97
chr5	56097641	56097892	0.97	0.88	0.93	0.95	0.96	0.94	0.94	0.96	0.50	0.96	0.96	0.08	0.98	0.97	0.95	0.96	0.96	0.97	0.96	0.97	0.32	0.79	0.94	0.95	0.96	0.98	0.96	0.93	0.05	0.01	0.47	0.86	0.47	0.93	0.35	0.91	0.61	0.96	0.96
chr5	56616723	56616921	0.64	0.33	0.60	0.79	0.70	0.58	0.67	0.77	0.29	0.90	0.86	0.96	0.46	0.69	0.91	0.83	0.91	0.59	0.73	0.01	0.05	0.59	0.90	0.94	0.96	0.97	0.98	0.07	0.02	0.00	0.04	0.09	0.01	0.05	0.33	0.49	0.02	0.85	0.60
chr5	56717770	56717888	0.80	0.76	0.82	0.49	0.82	0.69	0.28	0.90	0.48	0.36	0.72	0.88	0.92	0.78	0.87	0.81	0.74	0.49	0.02	0.77	0.26	0.74	0.91	0.93	0.97	0.97	0.96	0.03	0.03	0.01	0.05	0.08	0.02	0.33	0.04	0.67	0.04	0.87	0.91
chr5	67648195	67648238	0.40	0.68	0.55	0.06	0.24	0.42	0.22	0.91	0.12	0.78	0.78	0.93	0.51	0.92	0.88	0.88	0.94	0.65	0.77	0.81	0.32	0.70	0.95	0.97	0.95	0.95	0.97	0.37	0.03	0.00	0.06	0.85	0.45	0.56	0.01	0.00	0.08	0.37	0.97
chr5	67659490	67659584	0.52	0.78	0.69	0.21	0.81	0.29	0.35	0.05	0.47	0.83	0.70	0.97	0.93	0.72	0.02	0.00	0.14	0.38	0.96	0.77	0.28	0.66	0.93	0.94	0.96	0.93	0.95	0.52	0.11	0.01	0.66	0.86	0.87	0.94	0.74	0.93	0.94	0.93	0.91
chr5	75457905	75458137	0.95	0.96	0.88	0.91	0.96	0.89	0.92	0.95	0.93	0.96	0.95	0.96	0.92	0.37	0.87	0.93	0.96	0.96	0.80	0.86	0.58	0.88	0.96	0.98	0.97	0.96	0.95	0.31	0.07	0.01	0.23	0.07	0.55	0.85	0.02	0.65	0.01	0.86	0.96
chr5	87169455	87169558	0.87	0.74	0.62	0.77	0.71	0.61	0.48	0.80	0.48	0.93	0.96	0.19	0.12	0.18	0.26	0.29	0.25	0.36	0.43	0.44	0.23	0.68	0.97	0.98	0.95	0.95	0.97	0.32	0.17	0.00	0.04	0.04	0.55	0.95	0.19	0.09	0.01	0.40	0.79
chr5	90527625	90527746	0.94	0.95	0.94	0.93	0.94	0.94	0.91	0.93	0.57	0.95	0.86	0.93	0.94	0.37	0.85	0.88	0.86	0.94	0.93	0.96	0.82	0.83	0.96	0.97	0.98	0.98	0.98	0.14	0.06	0.02	0.32	0.21	0.88	0.80	0.29	0.94	0.94	0.82	0.89
chr5	96093472	96093492	0.96	0.94	0.94	0.94	0.93	0.88	0.96	0.94	0.98	0.52	0.94	0.97	0.90	0.02	0.71	0.55	0.61	0.75	0.85	0.14	0.21	0.81	0.96	0.96	0.97	0.97	0.98	0.04	0.02	0.00	0.07	0.09	0.70	0.95	0.23	0.16	0.01	0.20	0.20
chr5	102794917	102794963	0.95	0.96	0.90	0.97	0.96	0.43	0.94	0.79	0.97	0.97	0.97	0.52	0.96	0.31	0.70	0.67	0.92	0.98	0.75	0.63	0.32	0.75	0.97	0.97	0.96	0.99	0.87	0.54	0.04	0.00	0.03	0.25	0.28	0.74	0.60	0.97	0.61	0.66	0.92
chr5	124701133	124701244	0.96	0.92	0.92	0.86	0.93	0.86	0.87	0.15	0.91	0.75	0.55	0.95	0.18	0.92	0.22	0.24	0.34	0.35	0.69	0.77	0.84	0.71	0.91	0.96	0.96	0.98	0.98	0.02	0.03	0.00	0.03	0.15	0.19	0.23	0.19	0.52	0.59	0.96	0.95
chr5	132287850	132287873	0.95	0.83	0.90	0.93	0.89	0.93	0.87	0.95	0.65	0.96	0.97	0.97	0.96	0.94	0.97	0.99	0.99	0.84	0.74	0.97	0.85	0.96	0.93	0.96	0.97	0.97	0.93	0.42	0.11	0.02	0.62	0.96	0.35	0.05	0.33	0.96	0.37	0.97	0.97
chr5	135192419	135192493	0.96	0.93	0.62	0.90	0.83	0.88	0.92	0.97	0.92	0.94	0.97	0.96	0.97	0.89	0.96	0.94	0.97	0.96	0.96	0.98	0.91	0.24	0.86	0.95	0.96	0.96	0.91	0.86	0.02	0.00	0.23	0.07	0.95	0.97	0.81	0.94	0.47	0.74	0.91
chr5	135233079	135233149	0.60	0.70	0.84	0.76	0.70	0.42	0.88	0.29	0.51	0.40	0.80	0.97	0.41	0.80	0.95	0.94	0.97	0.40	0.03	0.00	0.10	0.67	0.90	0.93	0.96	0.96	0.91	0.69	0.07	0.00	0.20	0.84	0.17	0.07	0.50	0.50	0.75	0.85	0.85
chr5	136088295	136088307	0.12	0.08	0.55	0.00	0.36	0.37	0.12	0.02	0.67	0.94	0.67	0.96	0.89	0.02	0.99	0.99	1.00	0.93	0.04	0.02	0.05	0.72	0.96	0.95	0.94	0.97	0.97	0.32	0.18	0.00	0.42	0.71	0.53	0.05	0.13	0.02	0.05	0.58	0.86
chr5	138388524	138388769	0.96	0.96	0.95	0.97	0.95	0.51	0.93	0.93	0.93	0.94	0.95	0.97	0.97	0.96	0.97	0.97	0.96	0.94	0.74	0.07	0.18	0.92	0.97	0.97	0.97	0.96	0.97	0.90	0.54	0.03	0.52	0.96	0.63	0.48	0.60	0.96	0.97	0.96	0.96
chr5	138391933	138392447	0.88	0.92	0.86	0.83	0.88	0.39	0.81	0.06	0.49	0.11	0.61	0.97	0.36	0.90	0.76	0.80	0.89	0.93	0.84	0.04	0.56	0.89	0.95	0.97	0.97	0.97	0.97	0.75	0.44	0.02	0.32	0.94	0.56	0.05	0.59	0.94	0.88	0.93	0.93
chr5	149493093	149493232	0.97	0.96	0.93	0.95	0.95	0.73	0.93	0.87	0.89	0.93	0.90	0.97	0.97	0.97	0.98	0.96	0.98	0.97	0.73	0.83	0.38	0.93	0.97	0.98	0.98	0.97	0.97	0.87	0.48	0.03	0.78	0.96	0.73	0.92	0.60	0.95	0.97	0.96	0.96
chr5	149493307	149493592	0.89	0.93	0.94	0.96	0.98	0.41	0.92	0.61	0.80	0.82	0.80	0.96	0.08	0.87	0.88	0.93	0.94	0.92	0.76	0.05	0.20	0.91	0.97	0.97	0.97	0.98	0.97	0.42	0.10	0.00	0.06	0.45	0.02	0.37	0.23	0.49	0.41	0.47	0.81
chr5	151637680	151637691	0.94	0.94	0.95	0.94	0.90	0.94	0.93	0.94	0.88	0.91	0.97	0.95	0.94	0.94	0.91	0.93	0.91	0.95	0.33	0.94	0.94	0.76	0.97	0.97	0.98	0.96	0.96	0.01	0.03	0.00	0.08	0.18	0.43	0.03	0.63	0.94	0.90	0.96	0.95
chr5	154371955	154371972	0.08	0.27	0.47	0.10	0.20	0.25	0.13	0.71	0.06	0.94	0.90	0.95	0.95	0.91	0.93	0.97	0.97	0.91	0.17	0.90	0.85	0.68	0.97	0.97	0.96	0.76	0.95	0.05	0.02	0.00	0.22	0.69	0.62	0.04	0.11	0.70	0.88	0.70	0.73
chr5	169114785	169114849	0.58	0.89	0.86	0.82	0.42	0.37	0.68	0.05	0.88	0.86	0.66	0.95	0.95	0.88	0.91	0.91	0.93	0.85	0.96	0.81	0.20	0.71	0.94	0.96	0.96	0.99	0.95	0.07	0.01	0.01	0.15	0.91	0.43	0.06	0.77	0.94	0.49	0.86	0.58
chr5	171596771	171596870	0.37	0.43	0.61	0.02	0.64	0.25	0.12	0.03	0.52	0.62	0.76	0.84	0.71	0.90	0.80	0.83	0.85	0.83	0.12	0.33	0.66	0.74	0.96	0.97	0.96	0.97	0.97	0.15	0.17	0.00	0.36	0.80	0.14	0.11	0.02	0.75	0.83	0.94	0.93
chr5	173753484	173753684	0.61	0.89	0.69	0.41	0.69	0.29	0.46	0.15	0.62	0.93	0.77	0.92	0.98	0.95	0.90	0.96	0.96	0.62	0.63	0.96	0.88	0.83	0.94	0.97	0.98	0.97	0.97	0.72	0.73	0.03	0.56	0.82	0.19	0.51	0.17	0.94	0.94	0.96	0.96
chr6	1587710	1587852	0.91	0.91	0.89	0.85	0.86	0.74	0.74	0.97	0.54	0.79	0.93	0.94	0.95	0.89	0.95	0.93	0.92	0.49	0.93	0.02	0.11	0.73	0.92	0.96	0.96	0.97	0.93	0.02	0.03	0.01	0.28	0.92	0.27	0.02	0.84	0.94	0.95	0.95	0.96
chr6	3055082	3055102	0.53	0.77	0.55	0.72	0.48	0.69	0.50	0.97	0.85	0.96	0.95	0.96	0.96	0.84	0.95	0.97	0.97	0.77	0.01	0.48	0.51	0.87	0.97	0.98	0.97	0.95	0.95	0.11	0.09	0.01	0.32	0.42	0.74	0.94	0.02	0.10	0.32	0.80	0.85
chr6	6820515	6820623	0.93	0.90	0.82	0.78	0.81	0.73	0.66	0.96	0.77	0.40	0.79	0.94	0.67	0.81	0.93	0.94	0.90	0.65	0.78	0.00	0.08	0.70	0.92	0.95	0.97	0.96	0.95	0.67	0.06	0.00	0.33	0.15	0.68	0.87	0.85	0.04	0.68	0.04	0.07
chr6	11846211	11846231	0.96	0.96	0.93	0.94	0.93	0.92	0.84	0.97	0.91	0.94	0.97	0.96	0.40	0.85	0.61	0.90	0.81	0.49	0.81	0.38	0.25	0.63	0.93	0.93	0.97	0.95	0.96	0.05	0.02	0.00	0.08	0.11	0.37	0.08	0.35	0.80	0.89	0.97	0.97
chr6	18047452	18047862	0.89	0.90	0.74	0.78	0.94	0.91	0.83	0.97	0.87	0.84	0.93	0.97	0.93	0.84	0.93	0.94	0.98	0.97	0.89	0.01	0.36	0.67	0.88	0.91	0.96	0.94	0.93	0.06	0.02	0.01	0.05	0.11	0.60	0.05	0.24	0.32	0.42	0.05	0.24
chr6	24847524	24847658	0.93	0.91	0.86	0.67	0.88	0.91	0.75	0.93	0.63	0.96	0.84	0.95	0.94	0.26	0.92	0.94	0.92	0.82	0.12	0.09	0.63	0.73	0.96	0.95	0.97	0.96	0.96	0.04	0.03	0.01	0.10	0.06	0.57	0.06	0.09	0.70	0.93	0.93	0.82
chr6	33641112	33641354	0.95	0.95	0.90	0.91	0.89	0.92	0.90	0.97	0.90	0.93	0.89	0.91	0.94	0.93	0.95	0.97	0.98	0.95	0.92	0.08	0.18	0.73	0.96	0.97	0.97	0.93	0.95	0.04	0.02	0.01	0.17	0.10	0.86	0.51	0.49	0.04	0.31	0.83	0.87
chr6	44117521	44117749	0.91	0.93	0.94	0.40	0.95	0.59	0.70	0.53	0.48	0.84	0.91	0.25	0.42	0.14	0.66	0.77	0.77	0.67	0.27	0.26	0.17	0.72	0.91	0.96	0.97	0.96	0.93	0.01	0.03	0.01	0.07	0.07	0.18	0.04	0.02	0.04	0.02	0.08	0.06
chr6	56687546	56687574	0.87	0.79	0.46	0.30	0.79	0.36	0.54	0.38	0.78	0.11	0.54	0.96	0.46	0.73	0.82	0.52	0.97	0.95	0.91	0.93	0.87	0.60	0.89	0.92	0.97	0.97	0.93	0.98	0.87	0.01	0.91	0.92	0.98	0.91	0.54	0.92	0.96	0.98	0.98
chr6	89172171	89172216	0.46	0.68	0.65	0.08	0.03	0.47	0.11	0.93	0.44	0.60	0.80	0.94	0.93	0.89	0.95	0.94	0.97	0.60	0.25	0.48	0.29	0.64	0.92	0.97	0.96	0.96	0.96	0.04	0.01	0.00	0.04	0.12	0.46	0.03	0.60	0.96	0.85	0.92	0.94
chr6	110656860	110656873	0.94	0.93	0.92	0.94	0.98	0.94	0.93	0.96	0.92	0.24	0.90	0.94	0.03	0.22	0.45	0.70	0.75	0.89	0.96	0.01	0.13	0.89	0.98	0.97	0.95	0.99	0.98	0.80	0.72	0.00	0.03	0.18	0.10	0.84	0.62	0.01	0.01	0.01	0.01
chr6	144331352	144331522	0.67	0.87	0.87	0.88	0.92	0.42	0.92	0.89	0.91	0.39	0.39	0.96	0.02	0.81	0.08	0.02	0.22	0.40	0.21	0.03	0.13	0.76	0.97	0.98	0.97	0.97	0.98	0.05	0.06	0.01	0.06	0.50	0.03	0.32	0.02	0.02	0.85	0.85	0.90
chr6	148886421	148886562	0.64	0.57	0.87	0.70	0.80	0.57	0.75	0.92	0.90	0.50	0.85	0.96	0.95	0.96	0.52	0.88	0.93	0.92	0.80	0.04	0.11	0.67	0.97	0.97	0.97	0.94	0.90	0.08	0.02	0.01	0.08	0.15	0.38	0.16	0.62	0.37	0.62	0.89	0.81
chr6	148886645	148886727	0.98	0.94	0.93	0.95	0.99	0.91	0.94	0.95	0.96	0.91	0.97	0.96	0.97	0.91	0.97	0.97	0.97	0.97	0.71	0.88	0.49	0.70	0.96	0.97	0.98	0.95	0.99	0.40	0.04	0.02	0.10	0.11	0.64	0.67	0.63	0.91	0.82	0.96	0.90
chr6	149224761	149224836	0.78	0.84	0.91	0.92	0.85	0.62	0.84	0.79	0.80	0.96	0.94	0.98	0.96	0.96	0.97	0.95	0.99	0.96	0.96	0.02	0.38	0.62	0.92	0.95	0.97	0.95	0.95	0.32	0.09	0.01	0.16	0.80	0.56	0.09	0.55	0.96	0.86	0.90	0.83
chr6	151025222	151025368	0.89	0.94	0.93	0.84	0.87	0.37	0.88	0.51	0.70	0.04	0.76	0.61	0.77	0.14	0.85	0.82	0.96	0.90	0.02	0.94	0.70	0.76	0.96	0.96	0.97	0.98	0.97	0.84	0.30	0.02	0.30	0.93	0.51	0.72	0.29	0.76	0.93	0.95	0.95
chr6	154938302	154938454	0.92	0.82	0.91	0.86	0.93	0.68	0.80	0.77	0.41	0.73	0.69	0.96	0.13	0.65	0.88	0.88	0.89	0.50	0.02	0.00	0.08	0.78	0.94	0.98	0.97	0.97	0.97	0.12	0.03	0.00	0.11	0.83	0.30	0.04	0.02	0.53	0.01	0.64	0.82
chr6	157148933	157149017	0.87	0.71	0.77	0.85	0.35	0.31	0.68	0.60	0.43	0.35	0.54	0.97	0.92	0.98	0.96	0.97	0.96	0.36	0.95	0.02	0.29	0.93	0.97	0.98	0.98	0.98	0.97	0.57	0.33	0.01	0.09	0.72	0.43	0.03	0.72	0.92	0.92	0.96	0.97
chr6	158373351	158373486	0.86	0.88	0.83	0.37	0.83	0.46	0.83	0.11	0.91	0.20	0.60	0.97	0.92	0.92	0.93	0.88	0.96	0.96	0.02	0.00	0.39	0.76	0.96	0.97	0.97	0.96	0.97	0.06	0.04	0.02	0.09	0.12	0.75	0.07	0.03	0.92	0.96	0.97	0.96
chr6	160042121	160042135	0.80	0.91	0.94	0.53	0.79	0.85	0.86	0.88	0.56	0.97	0.86	0.85	0.98	0.91	0.97	0.98	0.98	0.98	0.91	0.98	0.98	0.23	0.94	0.94	0.97	0.96	0.97	0.08	0.02	0.02	0.13	0.19	0.44	0.58	0.30	0.94	0.73	0.88	0.97
chr6	160043712	160044065	0.92	0.94	0.94	0.90	0.95	0.83	0.91	0.95	0.92	0.79	0.91	0.71	0.90	0.90	0.90	0.93	0.93	0.62	0.94	0.94	0.58	0.82	0.96	0.98	0.98	0.96	0.97	0.11	0.03	0.01	0.13	0.17	0.63	0.32	0.67	0.70	0.86	0.57	0.59
chr6	166675958	166676014	0.95	0.94	0.87	0.87	0.91	0.96	0.83	0.96	0.42	0.96	0.95	0.46	0.27	0.07	0.60	0.77	0.55	0.96	0.88	0.53	0.23	0.65	0.93	0.97	0.96	0.96	0.93	0.93	0.20	0.00	0.16	0.11	0.23	0.93	0.07	0.03	0.12	0.15	0.67
chr7	391512	391896	0.90	0.93	0.88	0.84	0.89	0.88	0.81	0.92	0.78	0.92	0.95	0.95	0.92	0.95	0.89	0.94	0.92	0.94	0.93	0.91	0.88	0.77	0.93	0.96	0.97	0.97	0.90	0.03	0.03	0.01	0.11	0.10	0.28	0.04	0.69	0.93	0.94	0.96	0.95
chr7	705411	705449	0.85	0.34	0.47	0.59	0.78	0.86	0.49	0.07	0.90	0.95	0.49	0.96	0.10	0.02	0.47	0.62	0.20	0.37	0.94	0.79	0.33	0.83	0.96	0.96	0.96	0.97	0.96	0.75	0.63	0.00	0.00	0.03	0.24	0.94	0.25	0.17	0.01	0.02	0.02
chr7	2168835	2169224	0.95	0.95	0.95	0.95	0.95	0.95	0.94	0.97	0.92	0.97	0.97	0.97	0.92	0.95	0.92	0.94	0.94	0.16	0.88	0.00	0.17	0.87	0.95	0.97	0.97	0.96	0.96	0.65	0.09	0.03	0.26	0.12	0.86	0.39	0.62	0.95	0.96	0.95	0.91
chr7	2892702	2892712	0.69	0.56	0.58	0.07	0.67	0.31	0.25	0.91	0.10	0.38	0.67	0.92	0.42	0.72	0.06	0.51	0.22	0.26	0.61	0.18	0.35	0.68	0.96	0.94	0.98	0.98	0.45	0.06	0.09	0.00	0.18	0.46	0.59	0.91	0.64	0.92	0.82	0.68	0.90
chr7	6953898	6953957	0.95	0.95	0.91	0.92	0.91	0.94	0.90	0.97	0.90	0.98	0.94	0.91	0.02	0.11	0.96	0.97	0.93	0.60	0.21	0.02	0.09	0.92	0.96	0.97	0.96	0.97	0.96	0.04	0.02	0.00	0.05	0.05	0.01	0.16	0.01	0.00	0.05	0.21	0.16
chr7	23236088	23236176	0.59	0.90	0.86	0.76	0.88	0.45	0.73	0.69	0.70	0.93	0.92	0.59	0.91	0.78	0.86	0.90	0.87	0.44	0.91	0.60	0.27	0.78	0.95	0.98	0.97	0.98	0.97	0.02	0.02	0.00	0.03	0.10	0.00	0.10	0.67	0.28	0.81	0.82	0.16
chr7	30519271	30519322	0.98	0.96	0.92	0.89	0.87	0.96	0.87	0.98	0.93	0.97	0.97	0.97	0.01	0.06	0.72	0.35	0.96	0.42	0.51	0.00	0.06	0.77	0.96	0.97	0.97	0.97	0.97	0.04	0.01	0.00	0.03	0.11	0.01	0.71	0.01	0.01	0.02	0.01	0.02
chr7	66790564	66790880	0.82	0.92	0.94	0.93	0.78	0.92	0.91	0.99	0.89	0.96	0.97	0.96	0.97	0.98	0.97	0.98	0.97	0.60	0.96	0.98	0.91	0.91	0.95	0.52	0.97	0.98	0.97	0.79	0.38	0.01	0.45	0.97	0.30	0.85	0.86	0.97	0.95	0.97	0.96
chr7	98178299	98178350	0.93	0.89	0.94	0.86	0.96	0.84	0.87	0.17	0.93	0.77	0.53	0.97	0.56	0.02	0.12	0.17	0.17	0.88	0.14	0.92	0.59	0.93	0.96	0.96	0.96	0.98	0.96	0.61	0.59	0.00	0.11	0.08	0.86	0.82	0.02	0.11	0.01	0.50	0.60
chr7	112769949	112770441	0.96	0.96	0.91	0.96	0.96	0.93	0.93	0.93	0.81	0.95	0.96	0.98	0.98	0.97	0.97	0.99	0.97	0.31	0.16	0.88	0.70	0.78	0.97	0.96	0.97	0.94	0.94	0.03	0.02	0.02	0.15	0.14	0.03	0.05	0.75	0.98	0.97	0.98	0.98
chr7	129180976	129180986	0.97	0.93	0.90	0.86	0.88	0.89	0.79	0.98	0.61	0.96	0.97	0.73	0.96	0.93	0.89	0.96	0.97	0.95	0.95	0.86	0.66	0.68	0.94	0.97	0.95	0.98	0.97	0.55	0.03	0.00	0.72	0.79	0.78	0.92	0.53	0.98	0.93	0.90	0.94
chr7	137948718	137948746	0.95	0.91	0.80	0.90	0.92	0.78	0.92	0.89	0.70	0.95	0.96	0.41	0.94	0.09	0.70	0.62	0.81	0.96	0.90	0.87	0.42	0.74	0.93	0.96	0.96	0.97	0.92	0.93	0.81	0.00	0.12	0.41	0.28	0.96	0.09	0.02	0.02	0.91	0.87
chr7	143434783	143434918	0.45	0.76	0.58	0.10	0.63	0.43	0.34	0.92	0.57	0.86	0.90	0.10	0.92	0.76	0.94	0.93	0.91	0.47	0.03	0.47	0.10	0.76	0.92	0.95	0.96	0.96	0.93	0.04	0.01	0.00	0.04	0.17	0.15	0.76	0.56	0.91	0.79	0.67	0.68
chr7	148385263	148385513	0.91	0.92	0.86	0.80	0.83	0.87	0.77	0.93	0.87	0.05	0.81	0.98	0.90	0.87	0.90	0.92	0.91	0.92	0.33	0.73	0.23	0.74	0.94	0.96	0.97	0.96	0.96	0.22	0.06	0.02	0.08	0.21	0.04	0.03	0.87	0.98	0.66	0.96	0.98
chr7	148783938	148784050	0.94	0.95	0.94	0.92	0.90	0.92	0.91	0.95	0.85	0.95	0.95	0.97	0.97	0.94	0.97	0.95	0.97	0.96	0.94	0.94	0.92	0.83	0.96	0.96	0.97	0.93	0.96	0.82	0.18	0.02	0.57	0.66	0.95	0.88	0.71	0.97	0.95	0.95	0.96
chr7	155257877	155257925	0.09	0.28	0.49	0.25	0.04	0.22	0.20	0.85	0.06	0.83	0.75	0.56	0.91	0.54	0.96	0.93	0.95	0.74	0.92	0.79	0.21	0.77	0.95	0.99	0.97	0.96	0.95	0.67	0.05	0.00	0.29	0.66	0.24	0.18	0.92	0.51	0.95	0.70	0.96
chr8	8665170	8665462	0.90	0.92	0.87	0.08	0.58	0.36	0.74	0.05	0.20	0.03	0.15	0.93	0.95	0.68	0.84	0.82	0.72	0.94	0.82	0.94	0.79	0.67	0.91	0.95	0.95	0.96	0.95	0.04	0.02	0.00	0.04	0.17	0.53	0.07	0.15	0.89	0.92	0.85	0.93
chr8	9651069	9651087	0.73	0.85	0.57	0.25	0.66	0.42	0.71	0.93	0.33	0.68	0.59	0.52	0.84	0.51	0.12	0.01	0.06	0.86	0.53	0.64	0.25	0.84	0.96	0.95	0.97	0.96	0.94	0.84	0.58	0.00	0.35	0.79	0.22	0.92	0.52	0.26	0.88	0.93	0.97
chr8	18965906	18965924	0.72	0.74	0.82	0.92	0.95	0.64	0.93	0.96	0.64	0.93	0.96	0.97	0.94	0.94	0.71	0.03	0.95	0.52	0.95	0.34	0.60	0.66	0.89	0.91	0.96	0.94	0.91	0.84	0.18	0.00	0.70	0.45	0.91	0.88	0.69	0.95	0.96	0.79	0.74
chr8	22634009	22634046	0.84	0.83	0.93	0.93	0.94	0.95	0.93	0.96	0.99	0.95	0.95	0.90	0.97	0.98	0.94	0.97	0.96	0.64	0.94	0.94	0.91	0.94	0.96	0.99	0.98	0.98	0.98	0.12	0.03	0.02	0.09	0.12	0.74	0.07	0.79	0.89	0.81	0.96	0.97
chr8	29240657	29240989	0.94	0.77	0.87	0.44	0.94	0.53	0.75	0.91	0.17	0.52	0.91	0.78	0.93	0.08	0.93	0.65	0.71	0.78	0.95	0.95	0.35	0.71	0.96	0.97	0.96	0.96	0.96	0.62	0.33	0.01	0.08	0.88	0.01	0.60	0.23	0.91	0.01	0.96	0.96
chr8	29905245	29905619	0.22	0.39	0.49	0.11	0.13	0.29	0.19	0.04	0.11	0.10	0.24	0.90	0.05	0.52	0.00	0.01	0.00	0.29	0.02	0.09	0.10	0.65	0.94	0.96	0.96	0.98	0.95	0.72	0.06	0.00	0.21	0.86	0.33	0.12	0.61	0.88	0.83	0.90	0.88
chr8	30702892	30703222	0.94	0.93	0.93	0.94	0.95	0.93	0.91	0.95	0.91	0.95	0.94	0.74	0.02	0.83	0.66	0.72	0.85	0.06	0.93	0.22	0.17	0.85	0.94	0.96	0.96	0.97	0.96	0.01	0.02	0.00	0.02	0.09	0.02	0.06	0.32	0.03	0.07	0.60	0.85
chr8	42289732	42290216	0.91	0.90	0.91	0.90	0.93	0.90	0.91	0.96	0.92	0.95	0.85	0.96	0.93	0.94	0.93	0.92	0.94	0.91	0.93	0.83	0.90	0.80	0.95	0.95	0.96	0.96	0.96	0.06	0.02	0.02	0.14	0.12	0.07	0.03	0.65	0.40	0.86	0.93	0.93
chr8	47381758	47381794	0.96	0.97	0.96	0.96	0.98	0.94	0.96	0.98	0.95	0.96	0.96	0.97	0.97	0.10	0.98	0.98	0.97	0.96	0.97	0.25	0.27	0.77	0.97	0.96	0.98	0.96	0.95	0.03	0.02	0.00	0.10	0.09	0.80	0.07	0.33	0.05	0.07	0.46	0.44
chr8	53734932	53735112	0.97	0.95	0.85	0.92	0.96	0.70	0.89	0.95	0.79	0.96	0.95	0.91	0.14	0.02	0.75	0.89	0.81	0.10	0.02	0.01	0.07	0.90	0.97	0.98	0.97	0.98	0.93	0.02	0.03	0.00	0.18	0.24	0.01	0.08	0.02	0.02	0.05	0.46	0.06
chr8	55828264	55828427	0.89	0.92	0.92	0.88	0.88	0.89	0.85	0.94	0.74	0.93	0.92	0.90	0.95	0.84	0.93	0.94	0.95	0.96	0.89	0.84	0.40	0.82	0.95	0.97	0.96	0.96	0.96	0.90	0.59	0.01	0.60	0.92	0.82	0.93	0.60	0.93	0.88	0.92	0.91
chr8	60875700	60875824	0.90	0.84	0.79	0.77	0.83	0.76	0.75	0.83	0.71	0.03	0.78	0.77	0.03	0.61	0.10	0.33	0.15	0.73	0.04	0.03	0.10	0.71	0.95	0.95	0.95	0.98	0.98	0.90	0.55	0.01	0.10	0.32	0.12	0.65	0.27	0.10	0.04	0.05	0.52
chr8	61653984	61654068	0.59	0.64	0.67	0.45	0.73	0.65	0.37	0.93	0.41	0.58	0.80	0.13	0.78	0.65	0.89	0.42	0.82	0.72	0.11	0.19	0.14	0.62	0.88	0.94	0.97	0.96	0.94	0.15	0.02	0.00	0.09	0.07	0.42	0.05	0.13	0.78	0.10	0.92	0.89
chr8	70547709	70547730	0.95	0.94	0.94	0.84	0.96	0.92	0.82	0.94	0.91	0.96	0.96	0.98	0.95	0.89	0.97	0.93	0.98	0.96	0.92	0.95	0.94	0.72	0.96	0.98	0.99	0.98	0.96	0.19	0.08	0.04	0.41	0.40	0.86	0.89	0.73	0.96	0.92	0.94	0.94
chr8	96913341	96913395	0.96	0.95	0.80	0.94	0.92	0.38	0.91	0.93	0.80	0.96	0.65	0.96	0.95	0.95	0.57	0.58	0.95	0.73	0.18	0.98	0.88	0.95	0.94	0.97	0.98	0.98	0.96	0.94	0.82	0.01	0.17	0.50	0.98	0.97	0.38	0.90	0.88	0.96	0.98
chr8	98639212	98639849	0.94	0.93	0.90	0.93	0.90	0.86	0.89	0.83	0.85	0.94	0.96	0.97	0.90	0.94	0.94	0.94	0.94	0.95	0.90	0.21	0.63	0.77	0.95	0.97	0.97	0.97	0.97	0.08	0.03	0.02	0.50	0.54	0.72	0.74	0.77	0.11	0.02	0.07	0.42
chr8	99784073	99784727	0.91	0.93	0.88	0.91	0.67	0.70	0.83	0.98	0.79	0.94	0.96	0.98	0.97	0.95	0.97	0.97	0.98	0.97	0.96	0.38	0.68	0.75	0.96	0.97	0.97	0.97	0.97	0.02	0.02	0.01	0.29	0.95	0.08	0.05	0.78	0.95	0.95	0.96	0.96
chr8	101438709	101438771	0.92	0.62	0.47	0.10	0.78	0.86	0.27	0.62	0.95	0.97	0.96	0.91	0.25	0.13	0.89	0.94	0.95	0.44	0.04	0.14	0.12	0.80	0.96	0.97	0.96	0.98	0.96	0.45	0.03	0.01	0.01	0.02	0.02	0.05	0.01	0.04	0.01	0.95	0.97
chr8	101832786	101832820	0.95	0.68	0.84	0.71	0.88	0.42	0.80	0.34	0.70	0.95	0.68	0.84	0.29	0.01	0.88	0.39	0.89	0.15	0.47	0.06	0.10	0.69	0.95	0.97	0.96	0.98	0.96	0.07	0.03	0.00	0.06	0.07	0.00	0.03	0.02	0.31	0.02	0.96	0.93
chr8	102758520	102758725	0.97	0.97	0.88	0.95	0.92	0.95	0.93	0.91	0.88	0.96	0.94	0.78	0.78	0.86	0.93	0.91	0.91	0.85	0.02	0.06	0.62	0.64	0.89	0.94	0.95	0.94	0.89	0.03	0.01	0.00	0.06	0.23	0.14	0.11	0.02	0.62	0.17	0.48	0.25
chr8	116827754	116827978	0.84	0.88	0.73	0.84	0.82	0.45	0.47	0.89	0.23	0.95	0.94	0.94	0.93	0.80	0.94	0.98	0.98	0.90	0.95	0.96	0.94	0.77	0.95	0.97	0.96	0.97	0.97	0.74	0.55	0.01	0.74	0.81	0.97	0.98	0.77	0.91	0.89	0.91	0.81
chr8	124995795	124996155	0.92	0.91	0.89	0.57	0.86	0.76	0.78	0.72	0.75	0.93	0.84	0.97	0.85	0.45	0.87	0.89	0.94	0.67	0.08	0.08	0.38	0.52	0.94	0.96	0.96	0.97	0.97	0.24	0.24	0.00	0.56	0.38	0.92	0.91	0.41	0.98	0.83	0.94	0.95
chr8	125337144	125337724	0.97	0.97	0.88	0.95	0.96	0.95	0.92	0.98	0.81	0.97	0.97	0.89	0.97	0.94	0.93	0.84	0.93	0.97	0.94	0.96	0.55	0.85	0.93	0.97	0.96	0.91	0.74	0.91	0.34	0.01	0.68	0.37	0.78	0.94	0.68	0.93	0.34	0.79	0.91
chr8	127294187	127294361	0.93	0.84	0.94	0.83	0.91	0.89	0.85	0.93	0.71	0.89	0.45	0.97	0.94	0.94	0.94	0.95	0.94	0.48	0.97	0.65	0.38	0.59	0.94	0.97	0.97	0.96	0.94	0.01	0.02	0.01	0.58	0.11	0.51	0.60	0.66	0.28	0.24	0.95	0.95
chr8	139880880	139881064	0.96	0.96	0.93	0.93	0.95	0.81	0.89	0.97	0.90	0.95	0.92	0.98	0.96	0.83	0.93	0.76	0.73	0.95	0.94	0.96	0.89	0.81	0.97	0.97	0.98	0.98	0.97	0.70	0.19	0.02	0.90	0.92	0.96	0.96	0.89	0.66	0.95	0.97	0.97
chr8	144514991	144515369	0.88	0.89	0.81	0.87	0.93	0.80	0.90	0.74	0.84	0.85	0.77	0.88	0.88	0.25	0.88	0.81	0.88	0.06	0.02	0.05	0.12	0.89	0.94	0.97	0.95	0.96	0.73	0.03	0.02	0.00	0.09	0.29	0.11	0.31	0.72	0.87	0.73	0.89	0.86
chr9	386333	386353	0.86	0.84	0.80	0.55	0.80	0.75	0.70	0.84	0.74	0.89	0.93	0.86	0.49	0.38	0.67	0.58	0.73	0.26	0.43	0.46	0.25	0.88	0.97	0.98	0.98	0.98	0.96	0.81	0.27	0.01	0.13	0.58	0.68	0.87	0.23	0.78	0.28	0.22	0.48
chr9	419673	419742	0.62	0.73	0.48	0.18	0.53	0.63	0.34	0.96	0.06	0.94	0.94	0.96	0.85	0.96	0.80	0.98	0.93	0.45	0.93	0.50	0.17	0.66	0.97	0.98	0.97	0.97	0.97	0.52	0.38	0.01	0.40	0.12	0.26	0.89	0.61	0.58	0.06	0.90	0.84
chr9	35338364	35338871	0.91	0.94	0.82	0.89	0.91	0.89	0.76	0.91	0.87	0.97	0.78	0.97	0.95	0.46	0.95	0.96	0.98	0.96	0.94	0.91	0.75	0.39	0.91	0.94	0.95	0.95	0.92	0.04	0.02	0.00	0.05	0.12	0.95	0.98	0.61	0.19	0.06	0.06	0.25
chr9	36543966	36544368	0.55	0.76	0.46	0.25	0.46	0.41	0.24	0.91	0.55	0.66	0.84	0.96	0.96	0.90	0.94	0.93	0.92	0.92	0.93	0.48	0.61	0.67	0.91	0.93	0.96	0.97	0.93	0.51	0.07	0.01	0.07	0.45	0.29	0.08	0.65	0.95	0.92	0.96	0.95
chr9	38044195	38044223	0.53	0.64	0.84	0.87	0.91	0.41	0.80	0.02	0.59	0.21	0.89	0.41	0.01	0.17	0.02	0.45	0.10	0.06	0.47	0.00	0.06	0.64	0.96	0.99	0.96	0.95	0.97	0.05	0.02	0.00	0.02	0.07	0.00	0.01	0.37	0.03	0.01	0.67	0.07
chr9	68913487	68913529	0.82	0.82	0.89	0.15	0.53	0.88	0.40	0.19	0.38	0.93	0.74	0.58	0.51	0.82	0.80	0.81	0.85	0.43	0.93	0.55	0.26	0.82	0.85	0.91	0.96	0.96	0.94	0.10	0.40	0.01	0.04	0.19	0.67	0.66	0.61	0.96	0.64	0.89	0.93
chr9	71937010	71937117	0.95	0.96	0.94	0.96	0.96	0.95	0.93	0.95	0.51	0.43	0.94	0.33	0.96	0.26	0.97	0.96	0.97	0.95	0.97	0.95	0.88	0.81	0.96	0.99	0.97	0.97	0.98	0.06	0.03	0.01	0.08	0.08	0.32	0.73	0.62	0.91	0.22	0.93	0.97
chr9	75941044	75941171	0.95	0.77	0.79	0.47	0.72	0.88	0.44	0.90	0.65	0.88	0.94	0.96	0.94	0.95	0.93	0.91	0.96	0.69	0.38	0.97	0.81	0.62	0.81	0.92	0.95	0.96	0.83	0.67	0.74	0.00	0.33	0.90	0.36	0.04	0.03	0.96	0.88	0.02	0.65
chr9	91073295	91073322	0.96	0.95	0.94	0.91	0.93	0.94	0.93	0.98	0.91	0.97	0.95	0.98	0.98	0.92	0.62	0.09	0.09	0.96	0.92	0.96	0.93	0.69	0.96	0.98	0.97	0.95	0.94	0.05	0.04	0.01	0.40	0.73	0.91	0.98	0.06	0.25	0.39	0.81	0.04
chr9	94798410	94798470	0.95	0.79	0.89	0.93	0.52	0.90	0.85	0.95	0.73	0.89	0.96	0.99	0.84	0.96	0.98	0.99	0.98	0.73	0.96	0.94	0.80	0.74	0.97	0.97	0.97	0.95	0.96	0.04	0.02	0.00	0.10	0.09	0.43	0.68	0.41	0.24	0.17	0.15	0.77
chr9	94865864	94866292	0.75	0.68	0.44	0.33	0.15	0.34	0.31	0.34	0.39	0.07	0.62	0.96	0.84	0.90	0.77	0.81	0.88	0.39	0.95	0.36	0.73	0.72	0.97	0.97	0.97	0.97	0.97	0.78	0.69	0.01	0.78	0.86	0.98	0.92	0.46	0.95	0.26	0.97	0.97
chr9	95102785	95102819	0.98	0.97	0.85	0.97	0.97	0.92	0.94	0.95	0.78	0.90	0.95	0.98	0.85	0.27	0.86	0.89	0.96	0.44	0.64	0.97	0.99	0.90	0.97	0.99	0.98	0.99	0.99	0.62	0.04	0.02	0.30	0.56	0.45	0.86	0.71	0.80	0.90	0.97	0.98
chr9	95125039	95125231	0.93	0.91	0.88	0.91	0.84	0.87	0.86	0.94	0.87	0.89	0.65	0.93	0.79	0.45	0.24	0.12	0.28	0.67	0.75	0.01	0.19	0.84	0.95	0.97	0.96	0.97	0.97	0.07	0.02	0.00	0.05	0.13	0.72	0.55	0.30	0.58	0.05	0.75	0.91
chr9	108149520	108149532	0.56	0.87	0.87	0.77	0.55	0.62	0.68	0.95	0.16	0.76	0.72	0.93	0.93	0.92	0.92	0.95	0.98	0.86	0.93	0.94	0.86	0.74	0.94	0.91	0.97	0.99	0.97	0.96	0.16	0.01	0.95	0.95	0.90	0.93	0.89	0.95	0.97	0.98	0.97
chr9	110926896	110927116	0.93	0.91	0.90	0.77	0.83	0.90	0.88	0.59	0.54	0.60	0.58	0.93	0.96	0.90	0.94	0.92	0.97	0.92	0.04	0.14	0.11	0.69	0.94	0.97	0.97	0.97	0.95	0.93	0.74	0.00	0.48	0.66	0.81	0.85	0.02	0.17	0.07	0.35	0.08
chr9	111815673	111815716	0.94	0.79	0.81	0.82	0.97	0.84	0.83	0.97	0.65	0.27	0.90	0.93	0.48	0.78	0.67	0.81	0.78	0.92	0.67	0.15	0.07	0.68	0.91	0.95	0.96	0.98	0.94	0.57	0.04	0.01	0.10	0.44	0.13	0.88	0.29	0.00	0.01	0.02	0.17
chr9	114660715	114660971	0.78	0.87	0.89	0.68	0.86	0.84	0.71	0.80	0.58	0.93	0.93	0.90	0.93	0.77	0.94	0.96	0.95	0.87	0.39	0.90	0.83	0.65	0.96	0.96	0.97	0.95	0.98	0.21	0.05	0.01	0.11	0.29	0.83	0.33	0.63	0.93	0.84	0.94	0.94
chr9	120413220	120413343	0.93	0.92	0.88	0.93	0.85	0.90	0.89	0.84	0.86	0.84	0.94	0.96	0.93	0.95	0.84	0.96	0.93	0.93	0.87	0.64	0.27	0.88	0.97	0.98	0.97	0.99	0.96	0.82	0.38	0.01	0.07	0.38	0.84	0.36	0.49	0.74	0.57	0.96	0.96
chr9	120413434	120413553	0.98	0.92	0.87	0.95	0.98	0.95	0.92	0.98	0.96	0.64	0.92	0.97	0.98	0.95	0.65	0.93	0.94	0.97	0.95	0.29	0.27	0.89	0.97	0.99	0.97	0.98	0.98	0.90	0.44	0.00	0.07	0.47	0.67	0.80	0.47	0.67	0.30	0.66	0.91
chr9	125271240	125271290	0.91	0.92	0.74	0.91	0.77	0.85	0.83	0.87	0.75	0.90	0.84	0.97	0.94	0.98	0.94	0.97	0.96	0.91	0.95	0.89	0.89	0.89	0.96	0.93	0.96	0.94	0.97	0.05	0.02	0.02	0.06	0.12	0.18	0.05	0.41	0.68	0.82	0.93	0.83
chr9	125328858	125329016	0.89	0.91	0.97	0.88	0.87	0.96	0.78	0.98	0.34	0.92	0.82	0.89	0.97	0.95	0.96	0.96	0.96	0.93	0.94	0.96	0.14	0.95	0.97	0.98	0.98	0.96	0.97	0.15	0.04	0.02	0.09	0.49	0.01	0.06	0.04	0.98	0.46	0.97	0.97
chr9	129979662	129979743	0.90	0.93	0.91	0.87	0.61	0.93	0.92	0.98	0.93	0.76	0.80	0.96	0.96	0.95	0.91	0.95	0.95	0.97	0.97	0.97	0.50	0.75	0.96	0.97	0.97	0.97	0.98	0.99	0.49	0.02	0.51	0.92	0.95	0.98	0.59	0.82	0.60	0.96	0.95
chr9	132895717	132895859	0.94	0.91	0.76	0.70	0.92	0.94	0.85	0.86	0.90	0.30	0.88	0.96	0.20	0.83	0.33	0.54	0.58	0.96	0.19	0.71	0.36	0.10	0.95	0.98	0.97	0.97	0.96	0.44	0.24	0.00	0.08	0.32	0.02	0.82	0.09	0.64	0.02	0.33	0.82
chr9	135951963	135952001	0.89	0.86	0.80	0.88	0.82	0.42	0.78	0.89	0.78	0.77	0.85	0.92	0.92	0.91	0.77	0.56	0.06	0.31	0.60	0.00	0.12	0.00	0.97	0.98	0.97	0.97	0.94	0.03	0.02	0.01	0.03	0.06	0.35	0.13	0.63	0.93	0.34	0.94	0.97
chr9	135952546	135952624	0.87	0.82	0.66	0.87	0.81	0.32	0.77	0.92	0.85	0.90	0.93	0.04	0.64	0.64	0.15	0.02	0.01	0.48	0.75	0.17	0.14	0.31	0.95	0.96	0.96	0.96	0.96	0.05	0.02	0.01	0.04	0.09	0.36	0.64	0.49	0.31	0.45	0.92	0.93
chr9	137687668	137687733	0.94	0.91	0.94	0.93	0.92	0.96	0.90	0.98	0.74	0.93	0.95	0.92	0.90	0.75	0.94	0.93	0.96	0.97	0.97	0.98	0.91	0.93	0.97	0.97	0.98	0.98	0.96	0.84	0.16	0.01	0.35	0.91	0.66	0.66	0.88	0.96	0.67	0.96	0.97
chr10	10911231	10911248	0.55	0.75	0.64	0.24	0.61	0.55	0.32	0.07	0.78	0.71	0.63	0.70	0.66	0.62	0.91	0.80	0.74	0.27	0.02	0.47	0.46	0.67	0.92	0.97	0.96	0.97	0.95	0.35	0.05	0.00	0.20	0.15	0.71	0.72	0.01	0.61	0.51	0.90	0.71
chr10	11293823	11293887	0.92	0.91	0.93	0.87	0.88	0.77	0.67	0.91	0.43	0.92	0.33	0.80	0.84	0.61	0.14	0.03	0.43	0.88	0.94	0.83	0.53	0.67	0.96	0.95	0.97	0.97	0.94	0.26	0.26	0.01	0.37	0.10	0.90	0.96	0.77	0.87	0.42	0.92	0.93
chr10	22702464	22702479	0.92	0.86	0.55	0.43	0.95	0.75	0.81	0.78	0.97	0.08	0.92	0.54	0.74	0.20	0.96	0.98	0.96	0.93	0.85	0.48	0.24	0.00	0.91	0.81	0.97	0.97	0.93	0.94	0.45	0.02	0.31	0.85	0.36	0.95	0.36	0.07	0.03	0.93	0.96
chr10	29646108	29646237	0.61	0.86	0.83	0.11	0.21	0.31	0.24	0.84	0.48	0.71	0.75	0.97	0.96	0.95	0.89	0.75	0.71	0.65	0.88	0.71	0.82	0.61	0.97	0.98	0.97	0.99	0.93	0.07	0.03	0.01	0.19	0.64	0.72	0.08	0.74	0.93	0.97	0.89	0.95
chr10	31913006	31913072	0.12	0.58	0.54	0.07	0.43	0.28	0.43	0.01	0.49	0.84	0.69	0.96	0.30	0.16	0.74	0.12	0.74	0.63	0.40	0.40	0.20	0.83	0.96	0.97	0.96	0.97	0.97	0.06	0.02	0.01	0.03	0.08	0.22	0.79	0.19	0.16	0.16	0.95	0.96
chr10	62094890	62094955	0.88	0.94	0.94	0.79	0.94	0.82	0.91	0.79	0.95	0.85	0.92	0.97	0.93	0.84	0.95	0.94	0.95	0.96	0.95	0.30	0.20	0.57	0.95	0.97	0.97	0.94	0.97	0.75	0.66	0.00	0.38	0.84	0.78	0.80	0.51	0.40	0.02	0.86	0.91
chr10	74704754	74704871	0.74	0.88	0.74	0.57	0.79	0.55	0.58	0.96	0.67	0.92	0.91	0.06	0.15	0.01	0.01	0.00	0.00	0.95	0.89	0.63	0.33	0.64	0.96	0.97	0.96	0.97	0.96	0.96	0.68	0.00	0.02	0.28	0.30	0.93	0.03	0.80	0.01	0.12	0.80
chr10	75206660	75206814	0.96	0.95	0.91	0.90	0.91	0.72	0.90	0.95	0.83	0.95	0.95	0.94	0.96	0.91	0.94	0.96	0.95	0.85	0.38	0.96	0.95	0.72	0.92	0.95	0.97	0.96	0.96	0.64	0.18	0.01	0.73	0.77	0.91	0.56	0.16	0.94	0.79	0.94	0.96
chr10	88223465	88223501	0.66	0.71	0.72	0.45	0.23	0.57	0.30	0.91	0.22	0.96	0.91	0.08	0.89	0.52	0.10	0.03	0.77	0.57	0.90	0.33	0.46	0.61	0.90	0.92	0.96	0.92	0.97	0.28	0.29	0.00	0.01	0.28	0.29	0.47	0.72	0.92	0.36	0.90	0.93
chr10	88474369	88474513	0.92	0.93	0.90	0.96	0.99	0.74	0.88	0.76	0.89	0.95	0.96	0.53	0.01	0.29	0.21	0.16	0.49	0.41	0.94	0.00	0.06	0.68	0.96	0.95	0.97	0.98	0.98	0.56	0.02	0.02	0.35	0.90	0.02	0.03	0.05	0.09	0.10	0.08	0.18
chr10	92164351	92164691	0.58	0.88	0.70	0.53	0.29	0.65	0.43	0.86	0.66	0.92	0.95	0.96	0.49	0.23	0.56	0.27	0.73	0.85	0.93	0.87	0.73	0.65	0.95	0.96	0.97	0.97	0.97	0.75	0.37	0.03	0.32	0.11	0.32	0.88	0.23	0.78	0.03	0.90	0.70
chr10	92396223	92396331	0.56	0.62	0.51	0.44	0.16	0.23	0.31	0.39	0.27	0.62	0.79	0.80	0.66	0.89	0.71	0.81	0.82	0.23	0.08	0.26	0.05	0.71	0.90	0.95	0.95	0.97	0.94	0.24	0.21	0.00	0.02	0.17	0.75	0.81	0.05	0.31	0.02	0.88	0.86
chr10	93246099	93246135	0.50	0.54	0.44	0.12	0.59	0.27	0.25	0.31	0.05	0.17	0.80	0.09	0.43	0.54	0.70	0.70	0.73	0.48	0.90	0.84	0.77	0.70	0.94	0.98	0.96	0.96	0.96	0.63	0.49	0.00	0.25	0.90	0.46	0.07	0.53	0.45	0.93	0.33	0.84
chr10	119654796	119654820	0.38	0.14	0.49	0.22	0.00	0.22	0.21	0.03	0.17	0.91	0.79	0.40	0.42	0.22	0.52	0.02	0.18	0.22	0.55	0.12	0.37	0.65	0.94	0.99	0.95	0.95	0.98	0.03	0.01	0.00	0.02	0.06	0.19	0.03	0.00	0.02	0.01	0.01	0.10
chr10	121764304	121764659	0.81	0.90	0.91	0.87	0.88	0.80	0.86	0.86	0.67	0.94	0.88	0.97	0.83	0.89	0.83	0.87	0.87	0.68	0.95	0.06	0.07	0.64	0.96	0.97	0.96	0.98	0.96	0.03	0.02	0.00	0.05	0.09	0.45	0.04	0.54	0.37	0.63	0.88	0.96
chr10	124495242	124495628	0.93	0.95	0.92	0.85	0.90	0.95	0.83	0.96	0.89	0.96	0.96	0.97	0.94	0.93	0.94	0.97	0.94	0.96	0.88	0.89	0.90	0.80	0.91	0.95	0.97	0.97	0.95	0.14	0.02	0.02	0.09	0.11	0.40	0.77	0.69	0.37	0.36	0.77	0.84
chr11	7494361	7494431	0.96	0.96	0.91	0.93	0.92	0.92	0.88	0.97	0.88	0.92	0.96	0.92	0.96	0.88	0.97	0.97	0.97	0.93	0.96	0.55	0.28	0.44	0.93	0.96	0.97	0.98	0.98	0.60	0.02	0.01	0.33	0.12	0.86	0.77	0.68	0.15	0.56	0.81	0.06
chr11	20056220	20056269	0.79	0.79	0.89	0.78	0.78	0.39	0.68	0.83	0.68	0.83	0.58	0.98	0.82	0.49	0.92	0.91	0.88	0.24	0.03	0.04	0.20	0.69	0.92	0.97	0.96	0.96	0.88	0.02	0.02	0.00	0.10	0.09	0.39	0.05	0.44	0.42	0.30	0.88	0.67
chr11	44989947	44990218	0.67	0.78	0.75	0.10	0.23	0.32	0.35	0.03	0.62	0.20	0.79	0.94	0.08	0.03	0.35	0.04	0.13	0.92	0.91	0.07	0.57	0.66	0.92	0.95	0.95	0.96	0.93	0.02	0.02	0.00	0.05	0.06	0.57	0.10	0.62	0.93	0.91	0.92	0.87
chr11	45860127	45860140	0.36	0.46	0.33	0.13	0.13	0.42	0.13	0.21	0.16	0.08	0.06	0.52	0.33	0.60	0.53	0.50	0.57	0.38	0.05	0.84	0.61	0.92	0.96	0.98	0.97	0.94	0.97	0.09	0.05	0.01	0.19	0.88	0.40	0.26	0.03	0.26	0.58	0.72	0.78
chr11	61296968	61297056	0.94	0.87	0.94	0.78	0.91	0.92	0.89	0.97	0.84	0.97	0.95	0.10	0.86	0.04	0.96	0.93	0.94	0.91	0.95	0.87	0.83	0.88	0.93	0.92	0.96	0.97	0.94	0.61	0.12	0.01	0.05	0.19	0.16	0.91	0.48	0.67	0.07	0.60	0.71
chr11	65647379	65647695	0.84	0.66	0.71	0.72	0.77	0.57	0.64	0.08	0.13	0.07	0.10	0.04	0.05	0.02	0.02	0.03	0.02	0.05	0.07	0.02	0.09	0.96	0.96	0.96	0.95	0.96	0.96	0.04	0.03	0.00	0.07	0.05	0.00	0.03	0.02	0.03	0.01	0.02	0.01
chr11	65954968	65955000	0.90	0.92	0.87	0.91	0.89	0.90	0.93	0.93	0.85	0.92	0.96	0.97	0.93	0.85	0.85	0.87	0.88	0.88	0.94	0.90	0.93	0.84	0.96	0.95	0.97	0.96	0.93	0.04	0.09	0.00	0.26	0.10	0.16	0.10	0.62	0.94	0.91	0.95	0.96
chr11	88277579	88277632	0.64	0.67	0.78	0.63	0.21	0.38	0.31	0.76	0.62	0.43	0.39	0.86	0.05	0.24	0.70	0.87	0.73	0.34	0.01	0.02	0.09	0.65	0.96	0.97	0.97	0.96	0.97	0.08	0.08	0.00	0.02	0.16	0.01	0.02	0.43	0.82	0.22	0.35	0.53
chr11	102482693	102482732	0.92	0.95	0.74	0.85	0.95	0.90	0.79	0.95	0.89	0.95	0.97	0.98	0.95	0.90	0.94	0.98	0.93	0.93	0.90	0.99	0.35	0.67	0.96	0.95	0.98	0.98	0.96	0.96	0.51	0.02	0.08	0.28	0.94	0.97	0.11	0.97	0.19	0.78	0.93
chr11	130413472	130413494	0.88	0.88	0.89	0.28	0.41	0.49	0.45	0.98	0.01	0.68	0.33	0.95	0.95	0.93	0.98	0.94	0.94	0.65	0.94	0.97	0.74	0.76	0.91	0.95	0.96	0.98	0.93	0.09	0.03	0.01	0.41	0.54	0.49	0.09	0.87	0.94	0.96	0.98	0.97
chr12	9872801	9872840	0.68	0.89	0.80	0.73	0.47	0.43	0.50	0.18	0.83	0.81	0.83	0.88	0.87	0.73	0.84	0.87	0.84	0.91	0.92	0.86	0.81	0.54	0.97	0.97	0.95	0.98	0.95	0.01	0.02	0.00	0.08	0.07	0.87	0.28	0.70	0.55	0.36	0.84	0.93
chr12	12835553	12835602	0.96	0.96	0.94	0.86	0.95	0.93	0.94	0.91	0.90	0.98	0.98	0.97	0.64	0.90	0.79	0.83	0.89	0.18	0.04	0.06	0.14	0.87	0.96	0.98	0.97	0.98	0.98	0.02	0.03	0.00	0.31	0.15	0.54	0.62	0.01	0.07	0.01	0.32	0.03
chr12	15956600	15956631	0.96	0.95	0.93	0.92	0.95	0.92	0.89	0.95	0.85	0.94	0.97	0.07	0.00	0.20	0.01	0.02	0.10	0.07	0.79	0.00	0.09	0.77	0.96	0.95	0.96	0.99	0.97	0.02	0.02	0.01	0.25	0.13	0.04	0.85	0.14	0.01	0.14	0.24	0.66
chr12	39781376	39781424	0.85	0.85	0.86	0.84	0.94	0.85	0.73	0.18	0.75	0.90	0.43	0.97	0.73	0.97	0.86	0.99	0.97	0.73	0.94	0.11	0.36	0.66	0.91	0.96	0.96	0.93	0.89	0.11	0.06	0.00	0.06	0.28	0.28	0.79	0.05	0.86	0.70	0.02	0.16
chr12	45235806	45235961	0.45	0.54	0.69	0.14	0.34	0.27	0.27	0.28	0.55	0.90	0.63	0.83	0.00	0.02	0.93	0.92	0.97	0.03	0.18	0.02	0.20	0.73	0.95	0.96	0.96	0.95	0.96	0.01	0.02	0.00	0.05	0.06	0.01	0.05	0.06	0.00	0.34	0.58	0.20
chr12	49503773	49504258	0.43	0.25	0.83	0.24	0.67	0.72	0.47	0.91	0.55	0.85	0.73	0.89	0.04	0.76	0.04	0.06	0.01	0.05	0.09	0.01	0.08	0.75	0.96	0.98	0.94	0.97	0.95	0.03	0.02	0.00	0.06	0.09	0.48	0.19	0.18	0.02	0.01	0.01	0.06
chr12	50205644	50206122	0.89	0.92	0.92	0.92	0.89	0.89	0.90	0.97	0.89	0.93	0.95	0.96	0.97	0.94	0.94	0.94	0.94	0.96	0.93	0.95	0.96	0.71	0.96	0.97	0.97	0.97	0.97	0.04	0.03	0.01	0.16	0.45	0.59	0.19	0.67	0.96	0.94	0.96	0.94
chr12	58419539	58419626	0.81	0.77	0.84	0.92	0.88	0.85	0.91	0.91	0.87	0.94	0.96	0.73	0.92	0.68	0.89	0.97	0.92	0.80	0.29	0.97	0.68	0.14	0.96	0.97	0.97	0.97	0.97	0.05	0.01	0.02	0.02	0.10	0.70	0.95	0.17	0.18	0.03	0.51	0.54
chr12	64170150	64170177	0.57	0.50	0.61	0.25	0.61	0.34	0.65	0.80	0.64	0.06	0.45	0.84	0.86	0.63	0.27	0.12	0.22	0.80	0.90	0.64	0.36	0.73	0.96	0.97	0.96	0.96	0.96	0.00	0.01	0.00	0.02	0.12	0.02	0.03	0.51	0.89	0.72	0.91	0.94
chr12	76009575	76009941	0.95	0.97	0.91	0.96	0.96	0.93	0.95	0.98	0.97	0.98	0.98	0.77	0.88	0.26	0.76	0.80	0.96	0.96	0.95	0.81	0.56	0.75	0.96	0.96	0.98	0.95	0.98	0.92	0.56	0.01	0.33	0.43	0.54	0.94	0.55	0.88	0.18	0.63	0.57
chr12	101919757	101920077	0.96	0.96	0.97	0.94	0.94	0.94	0.91	0.96	0.91	0.95	0.98	0.97	0.97	0.90	0.93	0.94	0.92	0.93	0.76	0.96	0.48	0.75	0.94	0.97	0.98	0.96	0.96	0.90	0.44	0.02	0.55	0.91	0.85	0.97	0.43	0.97	0.84	0.95	0.93
chr12	107380008	107380049	0.83	0.78	0.47	0.83	0.65	0.62	0.58	0.93	0.63	0.78	0.88	0.30	0.07	0.47	0.88	0.81	0.87	0.53	0.98	0.86	0.39	0.78	0.96	0.96	0.95	0.99	0.98	0.86	0.41	0.00	0.10	0.05	0.72	0.87	0.61	0.07	0.05	0.19	0.37
chr12	113836392	113836491	0.97	0.97	0.95	0.95	0.96	0.93	0.95	1.00	0.99	0.92	0.98	0.98	0.97	0.96	0.94	0.97	0.98	0.97	0.95	0.02	0.10	0.77	0.96	0.98	0.97	0.95	0.98	0.90	0.45	0.01	0.22	0.86	0.73	0.46	0.87	0.89	0.95	0.78	0.95
chr12	113900007	113900170	0.93	0.92	0.88	0.60	0.95	0.75	0.89	0.97	0.83	0.81	0.39	0.94	0.88	0.04	0.05	0.00	0.01	0.09	0.87	0.95	0.95	0.84	0.96	0.98	0.98	0.95	0.95	0.03	0.03	0.02	0.06	0.08	0.68	0.06	0.49	0.79	0.54	0.96	0.96
chr12	116318216	116318332	0.97	0.94	0.94	0.96	0.94	0.46	0.94	0.95	0.43	0.91	0.77	0.96	0.14	0.31	0.60	0.72	0.72	0.54	0.68	0.01	0.08	0.78	0.96	0.96	0.96	0.93	0.97	0.01	0.02	0.00	0.03	0.44	0.02	0.02	0.02	0.92	0.10	0.43	0.58
chr12	116712734	116712958	0.93	0.92	0.90	0.91	0.88	0.84	0.90	0.91	0.67	0.88	0.95	0.96	0.41	0.92	0.81	0.49	0.82	0.47	0.66	0.76	0.93	0.73	0.96	0.96	0.97	0.97	0.93	0.04	0.01	0.01	0.09	0.10	0.61	0.07	0.62	0.88	0.79	0.95	0.94
chr12	117143433	117143476	0.90	0.93	0.89	0.91	0.89	0.80	0.86	0.95	0.72	0.97	0.94	0.36	0.04	0.71	0.39	0.68	0.75	0.74	0.91	0.08	0.15	0.86	0.95	0.99	0.95	0.97	0.84	0.77	0.44	0.00	0.26	0.08	0.46	0.54	0.13	0.02	0.04	0.46	0.89
chr12	119710368	119710578	0.96	0.95	0.92	0.92	0.94	0.80	0.91	0.92	0.89	0.95	0.87	0.96	0.94	0.89	0.93	0.83	0.94	0.06	0.05	0.03	0.08	0.93	0.96	0.97	0.97	0.98	0.94	0.69	0.18	0.01	0.22	0.09	0.39	0.90	0.03	0.21	0.03	0.95	0.95
chr12	119710658	119711090	0.95	0.95	0.90	0.94	0.92	0.88	0.86	0.96	0.70	0.89	0.46	0.97	0.94	0.94	0.85	0.69	0.80	0.11	0.26	0.29	0.16	0.92	0.95	0.98	0.97	0.98	0.95	0.28	0.04	0.01	0.08	0.11	0.22	0.87	0.02	0.79	0.07	0.91	0.96
chr12	122001429	122001681	0.81	0.80	0.86	0.86	0.88	0.66	0.73	0.95	0.66	0.12	0.78	0.87	0.86	0.81	0.83	0.92	0.93	0.83	0.85	0.03	0.21	0.70	0.88	0.94	0.95	0.97	0.96	0.03	0.02	0.01	0.03	0.09	0.56	0.05	0.58	0.83	0.65	0.88	0.82
chr12	122846083	122846112	0.94	0.95	0.87	0.83	0.94	0.33	0.92	0.83	0.85	0.13	0.74	0.97	0.80	0.81	0.22	0.06	0.03	0.41	0.73	0.82	0.86	0.78	0.95	1.00	0.97	0.98	0.85	0.13	0.10	0.01	0.18	0.68	0.52	0.43	0.83	0.09	0.47	0.27	0.07
chr12	124667875	124668051	0.84	0.82	0.94	0.87	0.95	0.97	0.85	0.30	0.66	0.97	0.62	0.80	0.22	0.02	0.02	0.18	0.01	0.71	0.56	0.45	0.15	0.80	0.95	0.97	0.96	0.97	0.97	0.07	0.03	0.00	0.02	0.13	0.13	0.66	0.02	0.03	0.01	0.05	0.20
chr12	124804280	124804518	0.48	0.73	0.87	0.87	0.81	0.37	0.61	0.14	0.82	0.64	0.32	0.05	0.02	0.53	0.82	0.76	0.86	0.45	0.04	0.07	0.41	0.77	0.97	0.98	0.96	0.97	0.98	0.28	0.02	0.00	0.03	0.44	0.01	0.03	0.01	0.01	0.06	0.94	0.75
chr12	125081418	125081843	0.90	0.93	0.90	0.89	0.90	0.60	0.82	0.95	0.88	0.90	0.82	0.96	0.95	0.90	0.03	0.01	0.00	0.42	0.71	0.93	0.33	0.70	0.92	0.96	0.97	0.98	0.90	0.17	0.03	0.01	0.85	0.94	0.96	0.92	0.71	0.94	0.93	0.93	0.95
chr12	131966103	131966220	0.95	0.96	0.97	0.94	0.94	0.69	0.92	0.97	0.89	0.95	0.96	0.98	0.93	0.94	0.96	0.96	0.98	0.67	0.59	0.51	0.32	0.77	0.96	0.97	0.98	0.98	0.95	0.83	0.48	0.01	0.27	0.67	0.48	0.90	0.60	0.97	0.87	0.96	0.96
chr13	24216148	24216547	0.92	0.86	0.94	0.86	0.91	0.88	0.89	0.93	0.77	0.57	0.89	0.97	0.67	0.84	0.92	0.96	0.97	0.78	0.94	0.78	0.61	0.73	0.95	0.95	0.97	0.97	0.96	0.68	0.18	0.02	0.52	0.53	0.43	0.67	0.81	0.50	0.52	0.94	0.97
chr13	24630629	24630665	0.96	0.90	0.95	0.91	0.96	0.94	0.89	0.98	0.90	0.93	0.96	0.78	0.94	0.74	0.90	0.92	0.92	0.97	0.92	0.04	0.12	0.78	0.97	0.99	0.97	0.98	0.96	0.96	0.82	0.00	0.66	0.95	0.94	0.97	0.15	0.64	0.33	0.94	0.96
chr13	29540107	29540119	0.94	0.96	0.94	0.93	0.93	0.89	0.92	0.90	0.92	0.94	0.68	0.97	0.93	0.25	0.97	0.95	0.98	0.90	0.89	0.94	0.67	0.96	0.96	0.97	0.98	0.95	0.97	0.06	0.03	0.01	0.07	0.27	0.02	0.89	0.40	0.76	0.07	0.94	0.95
chr13	29578652	29578697	0.59	0.81	0.94	0.74	0.86	0.42	0.70	0.05	0.37	0.56	0.90	0.97	0.90	0.02	0.95	0.91	0.89	0.50	0.88	0.88	0.36	0.47	0.95	0.97	0.98	0.96	0.95	0.02	0.10	0.01	0.03	0.17	0.32	0.17	0.22	0.55	0.08	0.92	0.47
chr13	32358004	32358198	0.79	0.85	0.67	0.75	0.75	0.86	0.70	0.93	0.86	0.92	0.79	0.97	0.29	0.82	0.65	0.77	0.67	0.77	0.76	0.51	0.28	0.82	0.95	0.96	0.98	0.97	0.95	0.49	0.09	0.01	0.06	0.21	0.56	0.56	0.05	0.91	0.88	0.89	0.95
chr13	41216031	41216110	0.93	0.92	0.67	0.88	0.92	0.86	0.84	0.94	0.83	0.23	0.92	0.96	0.90	0.91	0.87	0.87	0.83	0.95	0.94	0.13	0.14	0.75	0.95	0.97	0.98	0.98	0.97	0.72	0.16	0.01	0.27	0.78	0.52	0.79	0.80	0.78	0.39	0.57	0.56
chr13	44231970	44232069	0.78	0.85	0.61	0.46	0.69	0.54	0.56	0.88	0.24	0.28	0.90	0.93	0.72	0.83	0.90	0.91	0.91	0.47	0.06	0.06	0.07	0.76	0.94	0.97	0.96	0.97	0.94	0.46	0.26	0.00	0.31	0.27	0.52	0.75	0.02	0.52	0.48	0.77	0.78
chr13	44434390	44434412	0.40	0.47	0.58	0.43	0.39	0.49	0.47	0.32	0.08	0.18	0.05	0.39	0.43	0.31	0.16	0.25	0.45	0.13	0.95	0.07	0.05	0.84	0.96	0.97	0.97	0.97	0.96	0.78	0.24	0.00	0.10	0.50	0.04	0.12	0.12	0.57	0.09	0.37	0.01
chr13	49689234	49689297	0.98	0.96	0.93	0.95	0.95	0.98	0.93	0.97	0.94	0.97	0.97	0.77	0.79	0.58	0.54	0.26	0.22	0.87	0.92	0.83	0.64	0.79	0.96	0.97	0.97	0.98	0.97	0.88	0.06	0.02	0.06	0.15	0.61	0.94	0.04	0.91	0.16	0.02	0.47
chr13	50905043	50905302	0.88	0.85	0.73	0.84	0.78	0.74	0.72	0.96	0.52	0.94	0.95	0.60	0.70	0.35	0.64	0.62	0.58	0.90	0.15	0.63	0.29	0.69	0.93	0.96	0.97	0.97	0.96	0.05	0.16	0.00	0.16	0.08	0.39	0.83	0.03	0.75	0.53	0.52	0.65
chr13	51674426	51674487	0.95	0.94	0.88	0.94	0.90	0.67	0.91	0.95	0.74	0.82	0.95	0.91	0.00	0.02	0.81	0.10	0.34	0.36	0.02	0.01	0.10	0.76	0.96	0.94	0.96	0.98	0.91	0.03	0.02	0.00	0.05	0.08	0.01	0.29	0.01	0.05	0.02	0.03	0.26
chr13	73778712	73778746	0.94	0.89	0.89	0.91	0.90	0.50	0.78	0.52	0.67	0.96	0.96	0.12	0.51	0.08	0.35	0.73	0.72	0.52	0.63	0.85	0.81	0.70	0.97	0.96	0.96	0.98	0.98	0.68	0.09	0.00	0.35	0.10	0.34	0.83	0.05	0.27	0.08	0.86	0.79
chr13	98387022	98387130	0.96	0.92	0.91	0.94	0.97	0.93	0.90	0.84	0.95	0.96	0.96	0.97	0.93	0.96	0.93	0.96	0.97	0.84	0.51	0.02	0.12	0.73	0.92	0.94	0.97	0.97	0.93	0.83	0.39	0.01	0.43	0.36	0.98	0.97	0.43	0.02	0.31	0.77	0.07
chr13	111245714	111246322	0.94	0.87	0.80	0.91	0.85	0.95	0.86	0.98	0.65	0.95	0.88	0.97	0.98	0.97	0.96	0.95	0.96	0.95	0.93	0.96	0.80	0.77	0.86	0.97	0.96	0.97	0.94	0.75	0.23	0.01	0.08	0.44	0.85	0.45	0.66	0.98	0.96	0.96	0.97
chr13	113022582	113022630	0.61	0.58	0.68	0.73	0.80	0.74	0.59	0.91	0.69	0.92	0.84	0.98	0.95	0.92	0.84	0.88	0.91	0.93	0.89	0.83	0.43	0.71	0.92	0.94	0.96	0.96	0.92	0.02	0.01	0.01	0.06	0.07	0.84	0.06	0.47	0.25	0.57	0.95	0.91
chr14	50735877	50735893	0.95	0.78	0.78	0.64	0.86	0.49	0.90	0.71	0.89	0.66	0.40	0.97	0.22	0.13	0.87	0.92	0.98	0.72	0.40	0.00	0.05	0.58	0.94	0.96	0.96	0.98	0.98	0.08	0.03	0.00	0.09	0.10	0.01	0.07	0.61	0.83	0.11	0.45	0.84
chr14	50763813	50763916	0.54	0.83	0.66	0.71	0.30	0.94	0.70	0.59	0.32	0.97	0.79	0.54	0.02	0.02	0.63	0.85	0.87	0.89	0.97	0.91	0.31	0.88	0.97	0.98	0.96	0.98	0.98	0.91	0.71	0.01	0.01	0.04	0.29	0.89	0.40	0.79	0.02	0.85	0.97
chr14	61766434	61766689	0.86	0.84	0.83	0.85	0.88	0.58	0.66	0.47	0.23	0.73	0.92	0.97	0.70	0.87	0.55	0.57	0.92	0.62	0.73	0.02	0.11	0.77	0.95	0.97	0.97	0.98	0.95	0.12	0.06	0.01	0.04	0.12	0.90	0.73	0.57	0.90	0.90	0.93	0.96
chr14	63783522	63783541	0.62	0.86	0.90	0.47	0.86	0.86	0.59	0.95	0.79	0.93	0.67	0.97	0.83	0.68	0.91	0.92	0.92	0.96	0.97	0.97	0.68	0.81	0.96	0.96	0.97	0.98	0.98	0.40	0.62	0.02	0.31	0.90	0.54	0.29	0.49	0.89	0.05	0.02	0.39
chr14	68308087	68308099	0.40	0.36	0.35	0.31	0.18	0.38	0.24	0.86	0.41	0.98	0.86	0.94	0.44	0.83	0.71	0.92	0.96	0.74	0.92	0.36	0.23	0.75	0.97	0.97	0.96	0.97	0.99	0.81	0.75	0.00	0.01	0.05	0.38	0.88	0.56	0.76	0.63	0.46	0.82
chr14	68676662	68676936	0.92	0.94	0.89	0.90	0.82	0.92	0.85	0.93	0.91	0.95	0.95	0.94	0.91	0.91	0.93	0.96	0.97	0.45	0.17	0.21	0.37	0.62	0.95	0.95	0.97	0.97	0.88	0.01	0.02	0.00	0.12	0.04	0.92	0.08	0.61	0.03	0.05	0.31	0.08
chr14	69378330	69378398	0.97	0.94	0.91	0.93	0.82	0.82	0.92	0.99	0.85	0.98	0.98	0.97	0.90	0.58	0.99	0.95	0.99	0.96	0.97	0.90	0.75	0.81	0.94	0.89	0.97	0.99	0.96	0.76	0.49	0.00	0.14	0.64	0.31	0.41	0.17	0.94	0.92	0.96	0.96
chr14	75311481	75311524	0.56	0.75	0.78	0.16	0.70	0.52	0.36	0.95	0.44	0.57	0.83	0.90	0.80	0.80	0.94	0.99	0.96	0.95	0.94	0.30	0.51	0.65	0.92	0.93	0.97	0.99	0.96	0.16	0.08	0.01	0.13	0.65	0.40	0.81	0.66	0.83	0.73	0.72	0.75
chr14	89337489	89337518	0.88	0.94	0.87	0.93	0.94	0.84	0.89	0.96	0.91	0.68	0.85	0.98	0.99	0.97	1.00	0.98	0.99	0.97	0.95	0.01	0.10	0.87	0.96	0.98	0.97	0.98	0.97	0.26	0.03	0.01	0.18	0.79	0.24	0.06	0.73	0.94	0.28	0.97	0.81
chr14	89409127	89409296	0.80	0.90	0.89	0.76	0.82	0.50	0.86	0.15	0.70	0.89	0.62	0.43	0.67	0.48	0.90	0.92	0.88	0.93	0.94	0.37	0.70	0.87	0.94	0.93	0.96	0.88	0.95	0.03	0.03	0.00	0.07	0.08	0.32	0.04	0.25	0.90	0.60	0.93	0.94
chr14	89625789	89625941	0.90	0.92	0.89	0.73	0.87	0.78	0.84	0.58	0.92	0.81	0.95	0.95	0.96	0.93	0.98	0.97	0.97	0.79	0.92	0.91	0.93	0.64	0.88	0.76	0.97	0.98	0.96	0.29	0.09	0.02	0.82	0.92	0.94	0.95	0.71	0.82	0.93	0.81	0.96
chr14	96821647	96821738	0.92	0.90	0.83	0.87	0.82	0.81	0.88	0.91	0.92	0.27	0.79	0.95	0.92	0.90	0.93	0.94	0.95	0.93	0.80	0.01	0.60	0.89	0.96	0.94	0.97	0.93	0.97	0.02	0.04	0.00	0.11	0.10	0.61	0.05	0.51	0.88	0.89	0.95	0.96
chr14	103708835	103709054	0.59	0.61	0.78	0.64	0.60	0.38	0.61	0.14	0.37	0.05	0.22	0.41	0.13	0.36	0.81	0.76	0.83	0.85	0.91	0.77	0.78	0.88	0.94	0.96	0.96	0.97	0.94	0.13	0.02	0.00	0.02	0.56	0.43	0.04	0.59	0.90	0.07	0.92	0.92
chr15	44340448	44340565	0.96	0.90	0.91	0.83	0.88	0.91	0.69	0.68	0.71	0.87	0.91	0.93	0.06	0.93	0.81	0.66	0.83	0.05	0.02	0.29	0.59	0.79	0.96	0.98	0.97	0.98	0.96	0.02	0.02	0.01	0.35	0.10	0.38	0.42	0.02	0.91	0.21	0.96	0.95
chr15	48869807	48870673	0.93	0.94	0.92	0.92	0.94	0.90	0.92	0.94	0.92	0.93	0.94	0.91	0.90	0.88	0.88	0.94	0.89	0.95	0.70	0.88	0.57	0.74	0.94	0.96	0.97	0.98	0.95	0.91	0.43	0.01	0.91	0.90	0.77	0.94	0.05	0.94	0.80	0.96	0.93
chr15	49256137	49256302	0.71	0.77	0.56	0.53	0.37	0.40	0.62	0.86	0.06	0.90	0.70	0.73	0.83	0.23	0.12	0.08	0.16	0.57	0.82	0.74	0.30	0.75	0.95	0.95	0.97	0.96	0.95	0.82	0.55	0.02	0.23	0.33	0.39	0.90	0.47	0.78	0.06	0.51	0.87
chr15	58794047	58794196	0.95	0.80	0.96	0.76	0.92	0.87	0.81	0.30	0.80	0.97	0.86	0.93	0.14	0.93	0.74	0.82	0.87	0.15	0.47	0.15	0.28	0.78	0.96	0.94	0.96	0.89	0.97	0.00	0.02	0.00	0.16	0.12	0.61	0.19	0.14	0.76	0.72	0.96	0.95
chr15	60374322	60374433	0.27	0.61	0.66	0.14	0.20	0.26	0.26	0.48	0.32	0.43	0.66	0.95	0.55	0.71	0.88	0.82	0.88	0.71	0.35	0.53	0.20	0.56	0.95	0.97	0.96	0.93	0.96	0.27	0.03	0.00	0.02	0.14	0.04	0.13	0.47	0.16	0.33	0.81	0.70
chr15	67690964	67690974	0.99	0.96	0.95	0.94	0.95	0.94	0.94	0.98	0.94	0.43	0.93	0.98	0.98	0.98	0.97	0.97	0.96	0.97	0.85	1.00	0.98	0.78	0.92	0.95	0.98	0.97	0.94	0.83	0.70	0.00	0.64	0.97	0.42	0.95	0.45	1.00	0.52	0.96	0.97
chr15	76743146	76743183	0.94	0.90	0.83	0.75	0.94	0.88	0.82	0.51	0.94	0.97	0.97	0.83	0.72	0.42	0.92	0.88	0.13	0.83	0.17	0.97	0.96	0.70	0.96	0.95	0.98	0.99	0.96	0.57	0.17	0.01	0.07	0.04	0.83	0.64	0.60	0.20	0.58	0.80	0.18
chr15	90212764	90212807	0.95	0.93	0.91	0.95	0.82	0.88	0.92	0.43	0.89	0.92	0.72	0.95	0.53	0.22	0.90	0.91	0.92	0.41	0.17	0.82	0.84	0.91	0.93	0.92	0.95	0.96	0.91	0.01	0.02	0.00	0.07	0.06	0.26	0.05	0.05	0.13	0.10	0.61	0.31
chr15	91807175	91807207	0.97	0.93	0.86	0.83	0.89	0.93	0.83	0.95	0.25	0.97	0.96	0.78	0.93	0.54	0.64	0.41	0.58	0.98	0.93	0.97	0.95	0.73	0.96	0.98	0.97	0.98	0.98	0.96	0.38	0.01	0.94	0.94	0.46	0.96	0.15	0.95	0.69	0.81	0.63
chr15	91872456	91872529	0.96	0.97	0.93	0.97	0.95	0.95	0.93	0.96	0.87	0.93	0.96	0.93	0.88	0.86	0.95	0.98	0.95	0.63	0.02	0.39	0.13	0.77	0.95	0.99	0.97	0.98	0.94	0.05	0.02	0.01	0.08	0.50	0.56	0.19	0.01	0.95	0.11	0.68	0.95
chr15	101046531	101046599	0.92	0.94	0.89	0.90	0.87	0.88	0.92	0.97	0.54	0.96	0.95	0.94	0.97	0.97	0.95	0.98	0.96	0.88	0.93	0.83	0.85	0.79	0.91	0.96	0.98	0.98	0.83	0.50	0.24	0.01	0.63	0.86	0.79	0.88	0.83	0.95	0.84	0.89	0.94
chr16	306118	306404	0.92	0.94	0.93	0.92	0.89	0.83	0.87	0.95	0.94	0.95	0.25	0.97	0.96	0.76	0.90	0.94	0.94	0.96	0.97	0.97	0.97	0.87	0.96	0.96	0.97	0.97	0.97	0.08	0.07	0.03	0.17	0.26	0.89	0.30	0.69	0.94	0.93	0.96	0.96
chr16	759803	759920	0.68	0.80	0.68	0.75	0.78	0.58	0.50	0.71	0.50	0.84	0.95	0.85	0.39	0.45	0.72	0.65	0.74	0.80	0.01	0.00	0.21	0.79	0.96	0.96	0.97	0.98	0.95	0.48	0.02	0.00	0.23	0.30	0.37	0.15	0.02	0.73	0.16	0.64	0.87
chr16	11057166	11057516	0.79	0.78	0.90	0.65	0.76	0.86	0.51	0.95	0.38	0.79	0.48	0.98	0.96	0.97	0.95	0.94	0.92	0.26	0.22	0.79	0.91	0.87	0.95	0.97	0.97	0.98	0.97	0.13	0.03	0.01	0.09	0.63	0.71	0.06	0.68	0.95	0.96	0.96	0.97
chr16	13937530	13937674	0.90	0.91	0.77	0.92	0.77	0.50	0.75	0.98	0.71	0.95	0.95	0.05	0.02	0.02	0.00	0.00	0.01	0.80	0.90	0.95	0.79	0.66	0.92	0.93	0.96	0.93	0.96	0.77	0.27	0.00	0.28	0.80	0.41	0.94	0.62	0.45	0.01	0.57	0.55
chr16	16251147	16251458	0.53	0.87	0.87	0.76	0.86	0.36	0.75	0.11	0.20	0.87	0.70	0.45	0.88	0.19	0.85	0.83	0.87	0.80	0.88	0.33	0.74	0.75	0.94	0.94	0.97	0.96	0.93	0.29	0.06	0.01	0.15	0.23	0.77	0.09	0.54	0.84	0.87	0.90	0.91
chr16	19655283	19655509	0.79	0.79	0.92	0.82	0.40	0.90	0.74	0.96	0.35	0.22	0.72	0.97	0.95	0.93	0.01	0.07	0.89	0.70	0.97	0.79	0.50	0.70	0.95	0.98	0.97	0.96	0.96	0.83	0.57	0.02	0.38	0.89	0.26	0.74	0.77	0.88	0.69	0.94	0.95
chr16	53080308	53080349	0.55	0.63	0.54	0.11	0.55	0.73	0.15	0.98	0.73	0.92	0.64	0.99	0.93	0.97	0.98	1.00	0.99	0.93	0.25	0.27	0.60	0.80	0.97	0.98	0.97	0.97	0.97	0.02	0.02	0.01	0.15	0.12	0.53	0.64	0.68	0.96	0.97	0.92	0.96
chr16	53115594	53115718	0.89	0.92	0.86	0.87	0.89	0.92	0.90	0.96	0.51	0.81	0.92	0.97	0.95	0.87	0.91	0.97	0.94	0.93	0.95	0.96	0.89	0.68	0.95	0.96	0.96	0.97	0.94	0.29	0.03	0.01	0.07	0.09	0.76	0.89	0.52	0.91	0.42	0.54	0.62
chr16	70374822	70375240	0.74	0.73	0.84	0.66	0.93	0.80	0.58	0.93	0.65	0.93	0.71	0.95	0.72	0.64	0.92	0.95	0.88	0.96	0.96	0.41	0.68	0.67	0.95	0.97	0.96	0.96	0.96	0.11	0.04	0.01	0.65	0.74	0.68	0.80	0.27	0.90	0.03	0.88	0.93
chr16	81599286	81599691	0.91	0.93	0.92	0.90	0.95	0.92	0.91	0.96	0.80	0.95	0.88	0.94	0.90	0.11	0.89	0.87	0.90	0.64	0.53	0.87	0.44	0.74	0.96	0.97	0.96	0.96	0.97	0.20	0.07	0.01	0.09	0.51	0.02	0.44	0.04	0.84	0.09	0.81	0.87
chr16	87725794	87725888	0.68	0.81	0.83	0.65	0.53	0.68	0.58	0.40	0.68	0.52	0.36	0.93	0.79	0.85	0.50	0.38	0.59	0.80	0.54	0.87	0.75	0.90	0.93	0.75	0.96	0.96	0.93	0.65	0.49	0.01	0.59	0.79	0.87	0.90	0.03	0.79	0.74	0.95	0.95
chr16	88332398	88332471	0.57	0.70	0.51	0.29	0.42	0.26	0.34	0.94	0.00	0.18	0.62	0.83	0.03	0.80	0.77	0.77	0.85	0.73	0.88	0.34	0.14	0.80	0.95	0.98	0.96	0.97	0.96	0.06	0.02	0.00	0.18	0.62	0.00	0.02	0.78	0.87	0.88	0.91	0.91
chr16	88533545	88533660	0.24	0.33	0.42	0.34	0.04	0.30	0.13	0.07	0.02	0.03	0.04	0.93	0.66	0.94	0.69	0.67	0.72	0.06	0.03	0.01	0.01	0.92	0.95	0.95	0.95	0.95	0.94	0.01	0.01	0.00	0.10	0.26	0.02	0.02	0.01	0.82	0.92	0.44	0.96
chr16	89379674	89379776	0.52	0.77	0.72	0.18	0.67	0.31	0.25	0.02	0.39	0.11	0.18	0.93	0.88	0.89	0.82	0.82	0.88	0.10	0.01	0.06	0.09	0.89	0.95	0.95	0.96	0.96	0.87	0.02	0.02	0.01	0.05	0.07	0.62	0.03	0.34	0.80	0.90	0.93	0.92
chr17	2346518	2346774	0.91	0.93	0.88	0.88	0.92	0.89	0.85	0.95	0.82	0.90	0.87	0.97	0.73	0.93	0.71	0.89	0.89	0.93	0.89	0.94	0.32	0.69	0.94	0.94	0.96	0.97	0.97	0.53	0.28	0.00	0.05	0.13	0.01	0.80	0.02	0.56	0.03	0.68	0.89
chr17	16048939	16049250	0.90	0.93	0.89	0.90	0.90	0.91	0.87	0.49	0.87	0.92	0.95	0.84	0.39	0.60	0.84	0.90	0.94	0.41	0.65	0.84	0.81	0.92	0.95	0.95	0.95	0.98	0.96	0.76	0.29	0.01	0.69	0.75	0.27	0.83	0.45	0.21	0.59	0.92	0.93
chr17	16049374	16049395	0.91	0.91	0.93	0.83	0.95	0.84	0.90	0.22	0.72	0.94	0.95	0.88	0.19	0.03	0.57	0.62	0.78	0.52	0.64	0.76	0.71	0.83	0.95	0.99	0.96	0.99	0.96	0.84	0.36	0.00	0.44	0.46	0.16	0.80	0.17	0.09	0.02	0.79	0.80
chr17	17878386	17878512	0.35	0.17	0.60	0.34	0.58	0.33	0.45	0.28	0.64	0.87	0.69	0.89	0.20	0.27	0.66	0.59	0.69	0.71	0.02	0.05	0.62	0.67	0.96	0.98	0.96	0.94	0.97	0.03	0.02	0.00	0.09	0.63	0.45	0.03	0.03	0.13	0.20	0.93	0.96
chr17	45043680	45043905	0.80	0.83	0.71	0.81	0.51	0.69	0.63	0.31	0.16	0.51	0.67	0.94	0.86	0.90	0.88	0.52	0.53	0.43	0.34	0.72	0.29	0.84	0.90	0.97	0.97	0.98	0.95	0.03	0.02	0.01	0.04	0.07	0.02	0.03	0.46	0.75	0.91	0.94	0.95
chr17	45288887	45288907	0.95	0.91	0.85	0.85	0.97	0.34	0.92	0.05	0.88	0.97	0.46	0.93	0.11	0.49	0.23	0.11	0.12	0.05	0.02	0.02	0.47	0.91	0.97	0.97	0.97	0.98	0.97	0.69	0.01	0.01	0.34	0.97	0.43	0.19	0.02	0.70	0.10	0.97	0.60
chr17	47866956	47866980	0.64	0.81	0.65	0.35	0.65	0.44	0.59	0.19	0.69	0.58	0.86	0.91	0.72	0.70	0.66	0.70	0.74	0.67	0.45	0.43	0.20	0.75	0.95	0.97	0.96	0.96	0.96	0.52	0.04	0.01	0.46	0.71	0.71	0.07	0.70	0.65	0.56	0.97	0.96
chr17	49815783	49815882	0.87	0.78	0.72	0.77	0.84	0.46	0.55	0.82	0.48	0.31	0.19	0.98	0.04	0.73	0.57	0.57	0.80	0.51	0.01	0.26	0.17	0.91	0.97	0.97	0.98	0.98	0.96	0.03	0.02	0.01	0.03	0.62	0.05	0.12	0.02	0.88	0.05	0.64	0.91
chr17	58667809	58667872	0.93	0.95	0.95	0.95	0.90	0.91	0.91	0.96	0.89	0.95	0.97	0.97	0.96	0.92	0.96	0.94	0.94	0.82	0.85	0.96	0.75	0.76	0.95	0.96	0.97	0.96	0.97	0.79	0.32	0.03	0.18	0.06	0.89	0.81	0.74	0.95	0.95	0.97	0.95
chr17	66675980	66676012	0.91	0.91	0.92	0.79	0.89	0.59	0.72	0.96	0.89	0.94	0.39	0.98	0.96	0.96	0.94	0.96	0.98	0.84	0.80	0.92	0.79	0.70	0.95	0.97	0.96	0.97	0.94	0.01	0.02	0.01	0.02	0.06	0.22	0.10	0.01	0.77	0.33	0.94	0.95
chr17	67696282	67696373	0.46	0.83	0.82	0.52	0.55	0.86	0.34	0.90	0.52	0.70	0.95	0.94	0.29	0.88	0.85	0.90	0.95	0.78	0.89	0.44	0.22	0.65	0.96	0.97	0.97	0.96	0.95	0.87	0.46	0.00	0.39	0.16	0.85	0.84	0.36	0.94	0.92	0.97	0.94
chr17	68577699	68577728	0.47	0.76	0.51	0.24	0.49	0.30	0.20	0.98	0.67	0.95	0.72	0.84	0.88	0.83	0.01	0.39	0.01	0.87	0.96	0.89	0.75	0.71	0.91	0.96	0.97	0.96	0.95	0.92	0.05	0.01	0.79	0.92	0.85	0.93	0.18	0.98	0.96	0.93	0.85
chr17	80900734	80901114	0.81	0.85	0.86	0.95	0.92	0.88	0.93	0.84	0.82	0.74	0.94	0.97	0.66	0.44	0.01	0.01	0.01	0.24	0.15	0.01	0.10	0.80	0.85	0.94	0.96	0.96	0.70	0.05	0.02	0.01	0.07	0.32	0.00	0.29	0.08	0.37	0.05	0.07	0.78
chr17	82787091	82787419	0.44	0.88	0.82	0.71	0.69	0.35	0.32	0.92	0.58	0.46	0.45	0.96	0.94	0.89	0.90	0.92	0.92	0.95	0.92	0.37	0.40	0.87	0.95	0.96	0.94	0.84	0.93	0.02	0.03	0.01	0.06	0.09	0.39	0.05	0.78	0.93	0.91	0.93	0.92
chr17	82839954	82840148	0.93	0.94	0.94	0.83	0.95	0.90	0.90	0.91	0.95	0.94	0.86	0.97	0.91	0.94	0.89	0.92	0.93	0.52	0.42	0.40	0.51	0.88	0.96	0.97	0.97	0.97	0.96	0.18	0.10	0.01	0.06	0.07	0.01	0.34	0.04	0.89	0.82	0.96	0.98
chr18	8685803	8685814	0.55	0.74	0.68	0.16	0.06	0.71	0.35	0.93	0.35	0.40	0.35	0.96	0.96	0.90	0.88	0.02	0.89	0.37	0.65	0.07	0.11	0.77	0.95	0.97	0.97	0.98	0.97	0.02	0.02	0.01	0.03	0.05	0.14	0.01	0.58	0.89	0.73	0.96	0.90
chr18	9809059	9809078	0.67	0.86	0.93	0.74	0.53	0.69	0.47	0.94	0.62	0.71	0.59	0.97	0.98	0.96	0.94	0.97	0.96	0.35	0.92	0.52	0.69	0.95	0.96	0.98	0.98	0.99	0.98	0.01	0.03	0.02	0.24	0.92	0.02	0.02	0.70	0.95	0.84	0.95	0.97
chr18	23331047	23331102	0.94	0.97	0.94	0.97	0.93	0.92	0.93	0.98	0.90	0.96	0.96	0.98	0.93	0.48	0.90	0.84	0.89	0.74	0.93	0.97	0.47	0.81	0.96	0.97	0.98	0.98	0.80	0.03	0.03	0.02	0.29	0.14	0.03	0.85	0.01	0.95	0.57	0.73	0.78
chr18	23331150	23331397	0.88	0.91	0.89	0.86	0.84	0.87	0.83	0.92	0.72	0.90	0.89	0.94	0.68	0.31	0.57	0.67	0.67	0.65	0.78	0.87	0.22	0.76	0.94	0.96	0.96	0.96	0.90	0.03	0.02	0.00	0.04	0.10	0.01	0.33	0.01	0.56	0.04	0.66	0.71
chr18	23331535	23331594	0.96	0.96	0.95	0.92	0.90	0.96	0.89	0.96	0.90	0.96	0.68	0.98	0.80	0.50	0.53	0.75	0.72	0.73	0.85	0.94	0.22	0.84	0.96	0.99	0.98	0.99	0.96	0.04	0.01	0.01	0.04	0.12	0.00	0.12	0.01	0.59	0.07	0.68	0.74
chr18	25518085	25518110	0.12	0.16	0.53	0.06	0.13	0.30	0.23	0.06	0.06	0.50	0.79	0.42	0.06	0.03	0.48	0.41	0.41	0.30	0.66	0.39	0.03	0.70	0.91	0.96	0.96	0.98	0.92	0.06	0.01	0.00	0.35	0.30	0.16	0.30	0.06	0.08	0.14	0.80	0.60
chr18	63476669	63476729	0.94	0.92	0.89	0.84	0.88	0.95	0.88	0.94	0.87	0.94	0.77	0.91	0.93	0.80	0.88	0.90	0.86	0.95	0.88	0.33	0.26	0.85	0.90	0.95	0.96	0.97	0.93	0.04	0.01	0.01	0.04	0.12	0.02	0.03	0.63	0.26	0.78	0.01	0.01
chr18	64974468	64974482	0.98	0.96	0.96	0.90	0.92	0.95	0.80	0.98	0.87	0.96	0.96	0.96	0.97	0.94	0.92	0.96	0.90	0.97	0.98	0.97	0.98	0.67	0.97	0.97	0.97	0.98	0.98	0.01	0.05	0.01	0.05	0.11	0.15	0.12	0.69	0.95	0.95	0.98	0.96
chr18	74682207	74682426	0.96	0.97	0.95	0.92	0.92	0.93	0.92	0.98	0.65	0.96	0.90	0.97	0.90	0.94	0.96	0.98	0.97	0.92	0.43	0.01	0.13	0.73	0.95	0.87	0.97	0.96	0.96	0.90	0.25	0.01	0.73	0.81	0.84	0.68	0.67	0.96	0.94	0.95	0.97
chr18	79540755	79540821	0.37	0.67	0.60	0.06	0.40	0.64	0.19	0.92	0.25	0.05	0.48	0.77	0.05	0.51	0.65	0.59	0.71	0.38	0.43	0.00	0.02	0.65	0.91	0.94	0.95	0.94	0.96	0.02	0.00	0.00	0.02	0.29	0.01	0.03	0.47	0.53	0.07	0.37	0.68
chr18	79576664	79576697	0.51	0.67	0.51	0.41	0.13	0.34	0.28	0.05	0.76	0.51	0.65	0.95	0.05	0.65	0.83	0.81	0.79	0.56	0.04	0.01	0.01	0.79	0.94	0.95	0.96	0.96	0.98	0.10	0.02	0.00	0.08	0.74	0.05	0.06	0.33	0.15	0.34	0.44	0.91
chr19	1161755	1161802	0.74	0.85	0.82	0.86	0.66	0.42	0.81	0.72	0.85	0.93	0.93	0.59	0.55	0.81	0.60	0.70	0.82	0.57	0.15	0.01	0.55	0.86	0.95	0.99	0.96	0.81	0.74	0.22	0.08	0.00	0.45	0.26	0.32	0.46	0.02	0.01	0.15	0.45	0.25
chr19	5046720	5047047	0.66	0.70	0.79	0.72	0.39	0.37	0.63	0.07	0.13	0.71	0.29	0.95	0.02	0.26	0.02	0.04	0.09	0.44	0.45	0.14	0.14	0.81	0.93	0.94	0.96	0.96	0.94	0.08	0.02	0.01	0.03	0.04	0.02	0.80	0.10	0.01	0.01	0.01	0.05
chr19	8481803	8481825	0.89	0.93	0.91	0.91	0.87	0.78	0.90	0.55	0.81	0.83	0.76	0.96	0.88	0.95	0.81	0.89	0.93	0.75	0.95	0.92	0.92	0.93	0.97	0.97	0.98	0.98	0.97	0.10	0.03	0.02	0.12	0.71	0.81	0.14	0.63	0.96	0.82	0.94	0.94
chr19	15311434	15311509	0.85	0.86	0.88	0.90	0.96	0.86	0.77	0.90	0.82	0.93	0.80	0.85	0.50	0.48	0.74	0.81	0.83	0.53	0.25	0.39	0.40	0.85	0.92	0.95	0.96	0.98	0.92	0.01	0.03	0.01	0.03	0.08	0.23	0.03	0.34	0.68	0.56	0.81	0.87
chr19	15452697	15453382	0.19	0.21	0.42	0.04	0.05	0.30	0.04	0.03	0.04	0.08	0.11	0.05	0.02	0.01	0.06	0.04	0.05	0.02	0.04	0.01	0.02	0.93	0.97	0.98	0.95	0.98	0.97	0.03	0.03	0.01	0.03	0.04	0.04	0.02	0.02	0.02	0.02	0.02	0.02
chr19	18756876	18757275	0.93	0.94	0.89	0.92	0.91	0.91	0.88	0.78	0.81	0.79	0.81	0.97	0.92	0.89	0.34	0.02	0.02	0.73	0.92	0.95	0.87	0.43	0.94	0.96	0.96	0.96	0.94	0.02	0.02	0.00	0.04	0.12	0.02	0.09	0.02	0.77	0.05	0.94	0.90
chr19	38711204	38711225	0.81	0.79	0.89	0.55	0.32	0.63	0.74	0.31	0.58	0.07	0.58	0.91	0.91	0.94	0.88	0.93	0.95	0.87	0.93	0.96	0.91	0.93	0.95	0.91	0.98	0.96	0.95	0.30	0.09	0.00	0.09	0.11	0.77	0.05	0.71	0.60	0.94	0.95	0.94
chr19	43606850	43607090	0.83	0.94	0.92	0.92	0.93	0.82	0.87	0.91	0.58	0.39	0.13	0.97	0.96	0.12	0.89	0.72	0.96	0.94	0.95	0.96	0.91	0.38	0.96	0.97	0.97	0.97	0.96	0.02	0.03	0.02	0.06	0.15	0.80	0.08	0.76	0.93	0.85	0.93	0.93
chr19	55474924	55475158	0.83	0.89	0.85	0.83	0.64	0.61	0.82	0.83	0.59	0.64	0.81	0.96	0.88	0.90	0.76	0.84	0.81	0.06	0.05	0.01	0.16	0.80	0.94	0.96	0.96	0.97	0.94	0.46	0.02	0.00	0.51	0.71	0.46	0.06	0.70	0.94	0.84	0.94	0.95
chr20	18187303	18187484	0.95	0.95	0.95	0.95	0.91	0.88	0.91	0.93	0.88	0.95	0.94	0.97	0.96	0.95	0.91	0.92	0.94	0.64	0.94	0.94	0.87	0.86	0.96	0.99	0.98	0.98	0.96	0.03	0.04	0.02	0.13	0.19	0.65	0.15	0.70	0.96	0.95	0.97	0.97
chr20	33647343	33647442	0.96	0.75	0.91	0.60	0.82	0.92	0.76	0.92	0.28	0.97	0.96	0.14	0.92	0.08	0.95	0.93	0.95	0.63	0.95	0.98	0.97	0.83	0.93	0.92	0.97	0.97	0.94	0.15	0.03	0.01	0.11	0.11	0.10	0.94	0.23	0.93	0.02	0.96	0.96
chr20	33649203	33649323	0.44	0.51	0.29	0.29	0.44	0.37	0.31	0.73	0.74	0.04	0.43	0.92	0.95	0.88	0.02	0.02	0.00	0.31	0.06	0.46	0.52	0.79	0.96	0.97	0.94	0.95	0.92	0.88	0.30	0.00	0.24	0.05	0.49	0.91	0.01	0.89	0.48	0.74	0.82
chr20	35747060	35747124	0.95	0.97	0.95	0.93	0.96	0.95	0.94	0.97	0.95	0.96	0.96	0.97	0.96	0.96	0.96	0.98	0.97	0.98	0.85	0.94	0.95	0.81	0.97	0.97	0.98	0.97	0.98	0.05	0.04	0.01	0.10	0.21	0.83	0.08	0.63	0.96	0.97	0.96	0.96
chr20	39004344	39004471	0.86	0.80	0.91	0.91	0.89	0.91	0.85	0.92	0.87	0.97	0.96	0.93	0.92	0.81	0.93	0.96	0.98	0.83	0.94	0.87	0.50	0.83	0.92	0.97	0.96	0.98	0.96	0.05	0.03	0.02	0.69	0.83	0.93	0.93	0.31	0.07	0.08	0.83	0.28
chr20	49850623	49850634	0.54	0.23	0.44	0.66	0.63	0.63	0.35	0.81	0.39	0.18	0.88	0.94	0.27	0.88	0.22	0.48	0.75	0.28	0.55	0.01	0.07	0.88	0.96	0.98	0.96	0.95	0.97	0.22	0.01	0.00	0.02	0.05	0.11	0.05	0.09	0.73	0.31	0.91	0.94
chr20	64001726	64001771	0.89	0.85	0.88	0.79	0.92	0.46	0.83	0.34	0.58	0.75	0.33	0.47	0.33	0.56	0.04	0.01	0.04	0.90	0.95	0.18	0.66	0.61	0.95	0.97	0.96	0.96	0.98	0.60	0.44	0.01	0.17	0.86	0.24	0.60	0.76	0.88	0.24	0.25	0.46
chr21	15892211	15892353	0.86	0.88	0.89	0.70	0.77	0.70	0.65	0.90	0.89	0.83	0.90	0.93	0.92	0.80	0.85	0.89	0.78	0.93	0.96	0.75	0.72	0.77	0.95	0.98	0.96	0.96	0.96	0.70	0.32	0.00	0.43	0.75	0.86	0.82	0.57	0.95	0.92	0.79	0.88
chr21	31334704	31334938	0.91	0.70	0.69	0.66	0.69	0.72	0.68	0.88	0.06	0.78	0.55	0.86	0.78	0.16	0.01	0.00	0.00	0.44	0.84	0.68	0.81	0.62	0.93	0.96	0.96	0.95	0.96	0.76	0.16	0.01	0.05	0.37	0.23	0.89	0.04	0.82	0.01	0.86	0.89
chr21	34869439	34869512	0.77	0.82	0.63	0.67	0.80	0.56	0.60	0.97	0.94	0.54	0.93	0.96	0.93	0.86	0.91	0.90	0.90	0.96	0.95	0.91	0.64	0.85	0.95	0.97	0.97	0.97	0.97	0.72	0.46	0.00	0.43	0.91	0.59	0.37	0.38	0.87	0.69	0.95	0.95
chr21	34869695	34869737	0.76	0.84	0.48	0.86	0.78	0.47	0.52	0.96	0.90	0.70	0.90	0.98	0.84	0.94	0.90	0.87	0.89	0.94	0.63	0.73	0.61	0.85	0.97	0.97	0.97	0.96	0.97	0.66	0.25	0.00	0.30	0.84	0.52	0.26	0.02	0.81	0.45	0.95	0.96
chr21	38819756	38819929	0.95	0.85	0.83	0.89	0.93	0.94	0.92	0.95	0.84	0.96	0.88	0.97	0.87	0.95	0.97	0.94	0.95	0.78	0.03	0.77	0.25	0.80	0.97	0.97	0.96	0.98	0.96	0.19	0.09	0.01	0.14	0.08	0.28	0.82	0.03	0.08	0.07	0.08	0.16
chr21	41668753	41668831	0.95	0.93	0.92	0.93	0.83	0.87	0.88	0.92	0.53	0.95	0.94	0.95	0.97	0.92	0.95	0.97	0.94	0.96	0.90	0.68	0.82	0.80	0.92	0.94	0.98	0.97	0.94	0.05	0.02	0.01	0.17	0.73	0.50	0.33	0.80	0.87	0.96	0.95	0.91
chr21	42093765	42093921	0.71	0.67	0.83	0.93	0.95	0.82	0.90	0.96	0.45	0.75	0.55	0.92	0.94	0.89	0.94	0.87	0.86	0.57	0.31	0.04	0.13	0.91	0.92	0.96	0.97	0.97	0.93	0.85	0.09	0.02	0.83	0.92	0.44	0.64	0.68	0.92	0.96	0.96	0.97
chr22	17859682	17859722	0.84	0.92	0.88	0.92	0.91	0.29	0.90	0.10	0.86	0.56	0.68	0.82	0.96	0.95	0.97	0.95	0.97	0.62	0.32	0.11	0.69	0.82	0.96	0.97	0.97	0.98	0.96	0.48	0.07	0.00	0.14	0.60	0.52	0.56	0.73	0.11	0.52	0.02	0.02
chr22	19438250	19438427	0.91	0.94	0.94	0.92	0.91	0.57	0.87	0.96	0.94	0.92	0.63	0.97	0.97	0.93	0.71	0.29	0.35	0.96	0.91	0.83	0.89	0.87	0.96	0.97	0.96	0.97	0.97	0.30	0.30	0.00	0.94	0.98	0.97	0.96	0.83	0.96	0.96	0.94	0.96
chr22	21623364	21623390	0.77	0.90	0.88	0.85	0.90	0.45	0.85	0.34	0.40	0.05	0.24	0.98	0.04	0.91	0.50	0.55	0.81	0.85	0.93	0.19	0.60	0.79	0.96	0.98	0.97	0.94	0.97	0.09	0.04	0.01	0.20	0.84	0.39	0.05	0.82	0.89	0.88	0.91	0.91
chr22	25176131	25176452	0.85	0.86	0.88	0.88	0.88	0.90	0.72	0.89	0.62	0.95	0.91	0.95	0.95	0.95	0.93	0.98	0.97	0.90	0.76	0.10	0.29	0.69	0.94	0.97	0.96	0.96	0.92	0.34	0.02	0.01	0.24	0.90	0.52	0.40	0.67	0.95	0.95	0.95	0.96
chr22	27821283	27821430	0.66	0.89	0.74	0.07	0.55	0.51	0.73	0.99	0.09	0.04	0.73	0.86	0.00	0.57	0.58	0.84	0.84	0.84	0.73	0.17	0.05	0.61	0.94	0.98	0.99	0.90	0.95	0.59	0.18	0.00	0.11	0.48	0.16	0.00	0.57	0.10	0.01	0.10	0.02
chr22	29378211	29378285	0.54	0.86	0.90	0.65	0.40	0.52	0.71	0.94	0.89	0.95	0.91	0.12	0.00	0.03	0.70	0.71	0.92	0.77	0.69	0.03	0.13	0.68	0.97	0.98	0.97	0.97	0.92	0.02	0.01	0.01	0.03	0.07	0.02	0.74	0.23	0.05	0.03	0.61	0.81
chr22	36324066	36324200	0.40	0.45	0.38	0.11	0.20	0.57	0.30	0.05	0.50	0.79	0.51	0.93	0.95	0.93	0.90	0.93	0.93	0.74	0.66	0.50	0.72	0.95	0.96	0.96	0.97	0.95	0.95	0.11	0.02	0.01	0.29	0.83	0.43	0.03	0.12	0.71	0.65	0.96	0.96
chr22	45782076	45782206	0.88	0.79	0.71	0.68	0.73	0.81	0.56	0.94	0.32	0.31	0.67	0.95	0.95	0.97	0.95	0.82	0.91	0.82	0.91	0.84	0.63	0.63	0.95	0.95	0.97	0.96	0.97	0.23	0.02	0.01	0.28	0.34	0.87	0.81	0.52	0.90	0.94	0.93	0.95
chr22	46451899	46452048	0.90	0.94	0.89	0.70	0.86	0.87	0.77	0.49	0.76	0.86	0.95	0.98	0.97	0.95	0.97	0.97	0.95	0.87	0.91	0.79	0.86	0.69	0.91	0.96	0.97	0.95	0.93	0.04	0.04	0.00	0.11	0.14	0.67	0.84	0.35	0.97	0.52	0.95	0.92
chr22	50008249	50008482	0.75	0.77	0.65	0.65	0.75	0.59	0.71	0.72	0.62	0.81	0.89	0.82	0.57	0.83	0.53	0.87	0.66	0.32	0.12	0.00	0.07	0.55	0.93	0.96	0.95	0.96	0.89	0.44	0.03	0.00	0.03	0.22	0.01	0.82	0.09	0.36	0.01	0.12	0.07
chr22	50461041	50461222	0.95	0.96	0.94	0.92	0.96	0.95	0.93	0.95	0.93	0.95	0.94	0.98	0.95	0.97	0.93	0.95	0.94	0.96	0.92	0.30	0.57	0.90	0.97	0.98	0.97	0.98	0.97	0.08	0.03	0.00	0.07	0.09	0.46	0.67	0.04	0.64	0.02	0.09	0.64
